city,state,country,2017,2018,2019,2020,2021,2022,2023,2024,2025
Aachen,(NA),DE,,,,,,,,,67
Aalst,(NA),BE,,,,,,,,,58
Abbotsford,BC,CA,,,,,40,39,39,40,40
Aberdeen,SD,US,,54,52,53,53,53,54,61,61
Abilene,TX,US,,,,,,,6,6,6
Abingdon,VA,US,,,,,,,24,26,25
Abington,MA,US,,,,,,,,,13
Acton,MA,US,,,,,,16,17,18,24
Acworth,GA,US,,,,,,,13,18,19
Addison,TX,US,,,,,,18,19,19,23
Adelaide,SA,AU,,,,,,27,,31,32
Agawam Town,MA,US,,,,,,,,8,8
Agoura Hills,CA,US,,,,,,,35,40,36
Aguada,PR,US,,,,,,,,,25
Aitkin,MN,US,,,,,,,,23,15
Ajax,ON,CA,,,,,45,46,47,48,52
Akron,NY,US,,,,,,20,20,20,20
Akron,OH,US,,14,14,14,18,19,22,23,23
Alafaya,FL,US,,,,,,26,26,28,28
Alameda,CA,US,,,,,,44,46,47,53
Alamo,CA,US,,,,,27,30,30,31,30
Alamogordo,NM,US,,,,,6,8,9,12,12
Alamosa,CO,US,,,,,,,14,13,27
Albany,CA,US,,,,,,,60,60,60
Albany,GA,US,,24,7,7,7,10,11,13,13
Albany,NY,US,,9,9,9,8,8,10,10,12
Albany,OR,US,,,,20,25,24,23,24,22
Albert Lea,MN,US,,,,,,,,10,10
Albuquerque,NM,US,27,27,14,13,27,28,31,32,33
Albury-Wodonga,NSW,AU,,,,,,,37,38,38
Aledo,TX,US,,,,,,30,30,31,31
Alexandria,MN,US,18,18,20,9,9,9,9,11,11
Alexandria,VA,US,38,37,37,39,40,37,35,37,38
Algonquin,IL,US,,,,,,,29,31,32
Alhambra,CA,US,,,,,,24,23,25,25
Alicante,(NA),ES,,,,,,,67,68,70
Alice Springs,NT,AU,,,,,49,50,,51,52
Aliso Viejo,CA,US,,,,,10,10,10,10,11
Allegan,MI,US,,,,,,,23,23,19
Allen,TX,US,,,,,23,22,22,24,24
Allentown,PA,US,,,,,23,23,30,35,31
Alliance,OH,US,,,,,,35,40,43,43
Alma,MI,US,70,70,79,81,29,29,32,34,32
Almere,FL,NL,,,,,,,85,85,85
Alpena,MI,US,,,,,,,,47,69
Alpharetta,GA,US,,,,,,18,18,23,22
Altadena,CA,US,,,,,,20,19,27,26
Altamonte Springs,FL,US,,,,,7,7,7,10,10
Alto Pass,IL,US,,,,,,,,54,54
Alton,IL,US,,,,,,,,6,6
Altoona,PA,US,,,,,,,36,37,37
Alvarado,TX,US,,,,,,13,13,13,15
Alvord,TX,US,,,,,,16,15,13,13
Amarillo,TX,US,,,,,,6,6,6,6
American Canyon,CA,US,,,,,27,31,29,29,29
American Fork,UT,US,,,,,25,25,26,27,32
Ames,IA,US,,54,54,40,46,56,62,66,64
Amesbury Town,MA,US,,,,,,,,13,10
Amherst,MA,US,,,,,,,17,18,24
Amsterdam,NH,NL,,,,,86,84,82,85,84
Anaheim,CA,US,17,16,17,15,16,14,14,15,14
Anchorage,AK,US,,33,29,32,38,39,63,64,64
Anderson,IN,US,,,,,,6,5,6,6
Anderson,SC,US,,,,,,,8,8,9
Andover,MA,US,,,,,,,,11,17
Andover,MN,US,,,,,,,,26,27
Andover,OH,US,,,,,,,,35,40
Angola,IN,US,,,,,,,,23,20
Ankeny,IA,US,,,,,,68,70,70,65
Ann Arbor,MI,US,33,35,35,40,38,36,45,46,45
Anna,TX,US,,,,,,25,28,27,27
Annapolis,MD,US,,,,,9,9,12,13,13
Annetta,TX,US,,,,,,20,23,17,15
Anniston,AL,US,,,,,,,,31,31
Antioch,CA,US,,,,,,27,29,30,29
Antwerp,(NA),BE,,,,84,,84,77,79,80
Apex,NC,US,,,,,,,,,19
Apopka,FL,US,,,,,,,,11,11
Apple Valley,CA,US,,,,,,,44,45,45
Apple Valley,MN,US,,,,,,,,27,26
Appleton,WI,US,,21,21,26,26,29,30,30,32
Aptos,CA,US,,,,33,33,33,28,31,30
Arcadia,CA,US,,,,,,,,,22
Arcata,CA,US,,,63,49,62,53,55,58,59
Ardmore,PA,US,,,,,46,47,40,45,49
Argyle,TX,US,,,,,,15,21,21,21
Arkansas City,KS,US,,,,,,,,13,13
Arlington,MA,US,,,,,,,,,38
Arlington,TX,US,11,12,11,6,6,7,8,9,9
Arlington,VA,US,48,52,49,51,55,56,54,53,55
Arlington,WA,US,,,,,,,,34,36
Arlington Heights,IL,US,,,,,8,8,8,8,13
Arnold,MD,US,,,,,20,20,21,21,22
Arnold,MO,US,,,,,13,13,22,22,23
Arroyo Grande,CA,US,,,,28,28,24,28,25,26
Artarmon,NSW,AU,,,,,,,,,35
Arvada,CO,US,,,,,9,21,23,25,25
Asbury Park,NJ,US,,,,,44,48,49,58,61
Ashburn,VA,US,,,,,19,19,18,20,21
Asheboro,NC,US,,,,,10,8,7,8,8
Asheville,NC,US,,20,8,7,9,8,8,9,9
Ashford,(NA),GB,,,,,,,48,50,50
Ashland,OR,US,,,,,70,70,70,73,73
Ashland,WI,US,54,54,42,46,46,79,80,81,81
Ashland City,TN,US,,,,,,,26,27,27
Aspen,CO,US,,,,,67,67,75,75,74
Aspen Hill,MD,US,,,,,,,,17,17
Astoria,OR,US,,,,,,,,46,48
Atascadero,CA,US,,,,29,29,31,34,36,36
Athens,(NA),GR,,,,,,,63,68,65
Athens,GA,US,,19,11,11,12,13,16,17,18
Athens,OH,US,,53,45,49,49,52,61,63,63
Athens,PA,US,,,,,,24,23,24,23
Athens,TN,US,,,,,,,39,38,21
Atlanta,GA,US,26,27,9,23,23,25,26,30,31
Atlantic Beach,FL,US,,,,,,,14,14,15
Atlantic Highlands,NJ,US,,,,,,,52,55,53
Attleboro,MA,US,,,,,,,,15,15
Aubrey,TX,US,,,,,,20,17,16,17
Auburn,AL,US,35,35,38,41,41,22,22,25,25
Auburn,CA,US,,,,,,,12,12,11
Auburn,ME,US,,,,,,,12,12,14
Auburn,WA,US,,,,,,,24,25,26
Auckland,(NA),NZ,,,,,,,,,49
Augsburg,(NA),DE,,,,,,,,,79
Augusta,GA,US,,20,9,9,10,11,9,10,10
Augusta,KS,US,,,,,,,,8,8
Augusta,ME,US,,30,31,30,26,24,21,23,24
Aurora,CO,US,27,28,13,13,14,33,35,37,34
Aurora,IL,US,,43,49,10,46,50,49,50,52
Aurora,ON,CA,,,,,,,,,54
Aurora,TX,US,,,,,,28,27,22,22
Austin,MN,US,,,,,,,,18,19
Austin,TX,US,22,26,12,12,30,30,33,34,36
Aventura,FL,US,12,12,10,9,9,9,8,8,8
Avon,CO,US,,,,,,27,26,25,27
Avon,IN,US,,,,,,,11,11,13
Avon Lake,OH,US,,,,,,,35,38,38
Avondale,AZ,US,19,16,16,17,17,22,24,25,24
Avondale Estates,GA,US,,,,,,5,6,8,8
Awendaw,SC,US,,,,,,,,31,31
Ayer,MA,US,,,,,,,11,11,28
Azle,TX,US,,,,,,10,11,11,11
Azusa,CA,US,,,,,,,,,18
Baghdad,(NA),IQ,,,,,,,46,48,47
Bainbridge Island,WA,US,,,,,,,28,29,28
Bakersfield,CA,US,22,21,15,14,11,11,13,14,14
Bakewell,(NA),GB,,,,,,,,52,52
Balch Springs,TX,US,,,,,,9,21,22,23
Baldwin Park,CA,US,,,,,,15,15,21,26
Baldwinsville,NY,US,,,,,,,,20,20
Ballarat,VIC,AU,,,,,,28,,30,33
Ballston Spa,NY,US,,,,,,,,9,9
Balltown,IA,US,,,,,,,67,67,65
Ballwin,MO,US,,,,,25,24,30,31,32
Baltimore,MD,US,22,27,23,24,14,30,32,33,41
Bandon,OR,US,,,,,,,57,55,55
Bangor,ME,US,,32,32,34,31,32,30,33,31
Baraboo,WI,US,,,,,,,61,61,61
Barberton,OH,US,,15,16,16,16,16,23,24,26
Barcelona,(NA),ES,,,,,85,79,74,79,79
Barking and Dagenham,(NA),GB,,,,,,33,,60,61
Barnesville,GA,US,,,,,,,,,9
Barnet,(NA),GB,,,,,,20,,50,51
Barneveld,GE,NL,,,,,,,,,48
Barnstable,MA,US,,,,,,,9,9,12
Barra Mansa,(NA),BR,,,,,,,,,41
Barre,VT,US,,,,,,,,,31
Barrie,ON,CA,,,,,34,36,35,36,35
Barrington,IL,US,,,,,,7,8,8,8
Barrington,RI,US,,,,,29,20,23,23,23
Bartlesville,OK,US,,,,,24,24,22,23,24
Bartlett,IL,US,,,,,15,16,17,17,17
Bartlett,TN,US,,19,17,17,17,17,17,19,20
Bartonville,TX,US,,,,,,24,24,27,30
Bastrop,TX,US,,,,,9,8,9,10,13
Batavia,IL,US,39,41,50,12,12,12,12,13,13
Batemans Bay,NSW,AU,,,,,,30,,33,35
Bath,(NA),GB,,,,,,,,66,69
Bath,NY,US,,,,,,,,10,10
Bathurst,NSW,AU,,,,,,,30,32,32
Baton Rouge,LA,US,19,20,20,25,21,19,21,22,22
Battle Creek,MI,US,,,,,,,38,42,40
Bay City,MI,US,,,,,,,42,44,43
Bay Village,OH,US,,,,,,,,,18
Bayamón,PR,US,,,,,,,,,32
Bayonne,NJ,US,,,,,,,,21,21
Bayreuth,(NA),DE,,,,,,,,,74
Bear,DE,US,,,,,,,16,16,16
Beaumont,CA,US,,,,,,24,25,26,20
Beaumont,TX,US,,,,,,,,7,8
Beaver,PA,US,,,,,,,36,34,34
Beaver Dam,WI,US,,,,,,,,,44
Beaverton,OR,US,30,29,27,26,29,28,30,31,31
Beckley,WV,US,,,,,,,,21,19
Bedford,(NA),GB,,,,,,,50,52,52
Bedford,MA,US,,35,36,35,38,38,34,35,36
Bedford,OH,US,,,,,,,,,26
Bedford,TX,US,,,,,,7,10,10,10
Bee Cave,TX,US,,,,,33,34,32,38,34
Beech Grove,IN,US,,,,,,,,12,13
Bel Air,MD,US,,,,,17,17,18,19,19
Belfast,(NA),GB,,,,,,,46,46,47
Belford Roxo,(NA),BR,,,,,,,42,47,47
Bell Gardens,CA,US,,,,,,,,25,22
Bella Vista,AR,US,38,39,41,40,45,46,38,40,44
Belleville,IL,US,,,,,8,8,8,8,8
Bellevue,KY,US,,,,,,,,25,25
Bellevue,NE,US,,27,26,25,25,26,27,28,27
Bellevue,WA,US,,28,29,30,29,30,32,33,34
Bellingham,WA,US,,35,35,35,39,42,42,42,47
Bellwood,PA,US,,,,,,,31,33,37
Belmont,CA,US,,,,,,,,38,38
Belmont,MA,US,,,,,,,,8,25
Belmont,NC,US,,,,,,,,10,10
Belton,TX,US,,,,,,,12,14,17
Bemidji,MN,US,,,,,,,17,18,19
Benbrook,TX,US,,,,,,8,9,9,9
Bend,OR,US,,21,21,20,23,29,29,30,31
Bendigo,VIC,AU,,,,,,32,,36,35
Bennett,CO,US,,,,,,24,25,28,30
Bennington,VT,US,,,,,,,,57,55
Bensalem,PA,US,,,,,,,,14,14
Benson,AZ,US,,,,,,,33,31,31
Bentonville,AR,US,20,27,32,41,46,43,42,43,46
Berkeley,CA,US,,,,70,70,72,71,71,73
Berkeley Lake,GA,US,,,,,,26,11,13,12
Berkley,MI,US,,,,,,,,58,58
Berlin,(NA),DE,,,,,68,84,78,78,78
Berlin,MD,US,,,,,,,,,14
Berthoud,CO,US,,,,,,10,10,11,11
Berwyn,IL,US,,,,,,,4,5,5
Bethalto,IL,US,,,,,,,,42,49
Bethany Beach,DE,US,,,,,,22,25,26,26
Bethel,CT,US,,,14,14,12,13,20,20,17
Bethesda,MD,US,,,,10,11,26,40,36,41
Bethlehem,NY,US,,,,,,,13,13,13
Bethlehem,PA,US,,,,24,25,26,27,25,26
Bettendorf,IA,US,40,41,43,34,38,45,46,47,47
Beverly Hills,CA,US,,,,,,37,37,39,39
Bexley,(NA),GB,,,,,,30,,54,55
Bicester,(NA),GB,,,,,,,,71,73
Biddeford,ME,US,,,,,21,21,24,27,27
Big Bear Lake,CA,US,,,,,,,33,38,37
Big Rapids,MI,US,,,,,,,44,55,51
Big Sky,MT,US,,,,,,,,,76
Big Stone Gap,VA,US,,,,,,,,26,33
Billerica,MA,US,,,,,,,8,8,8
Billings,MT,US,,29,28,28,30,39,35,35,34
Biloxi,MS,US,,15,15,15,16,22,20,20,20
Binghamton,NY,US,,,,,4,4,4,5,5
Birdsboro,PA,US,,,,,,58,59,59,59
Birmingham,(NA),GB,,,,,40,41,30,54,54
Birmingham,AL,US,21,21,22,21,23,24,22,23,21
Birmingham,MI,US,,,,,,,,,33
Birmingham Metro,(NA),GB,,,,,,,25,50,51
Bismarck,ND,US,51,50,50,35,39,37,40,41,41
Black Hawk,CO,US,,,,,,24,24,19,19
Black Mountain,NC,US,,,,,,,,23,25
Blacksburg,VA,US,,,,37,37,37,41,44,50
Blaine,MN,US,,,,,,,,,19
Blaine,WA,US,,,,,,,34,34,31
Blakely,PA,US,,,,,,,,8,8
Blanco,TX,US,,,,,,,14,13,14
Bloomington,IL,US,,,,,7,7,8,9,10
Bloomington,IN,US,,53,48,10,34,36,40,56,58
Bloomington,MN,US,28,28,30,15,16,17,16,16,36
Bloomsburg,PA,US,,,,,,,,58,58
Blue Diamond,NV,US,,,,,,,85,85,84
Blue Lake,CA,US,,,,,,,,35,35
Blue Mound,TX,US,,,,,,5,9,12,14
Blue Ridge,TX,US,,,,,,34,33,33,33
Bluffton,OH,US,,,,,,,76,75,72
Boca Raton,FL,US,,,,,,8,9,10,10
Boerne,TX,US,,,,,,,,17,17
Bogotá,(NA),CO,,,,,,,68,71,71
Boise,ID,US,28,29,10,13,13,15,24,25,28
Bolingbrook,IL,US,,,,,,,,,14
Bologna,(NA),IT,,,,,,,73,83,83
Bolton,(NA),GB,,,,,,34,23,43,45
Bolzano,(NA),IT,,,,,,,,,85
Bonita,CA,US,,,,,13,15,13,15,16
Bonita Springs,FL,US,,,,,,,,12,13
Boone,NC,US,,,,,,,,21,23
Boquerón,PR,US,,,,,,,,,39
Bordeaux,NAQ,FR,,,,,,,,,76
Bordentown,NJ,US,,,,,,,,,25
Boscobel,WI,US,,,,,,,,53,53
Bossier City,LA,US,,22,21,18,18,16,17,18,18
Boston,MA,US,17,21,14,24,28,28,29,34,35
Bothell,WA,US,,,,,,,,16,16
Boucherville,QC,CA,,,,,,,70,74,74
Boulder,CO,US,65,66,62,63,64,69,69,70,70
Boulder Junction,WI,US,,43,55,59,52,56,50,50,50
Bountiful,UT,US,,,,,,,28,30,31
Bourbonnais,IL,US,,,,,,,9,9,9
Bourne,MA,US,,,,,,,,9,9
Bow Mar,CO,US,,,,,,2,4,4,5
Bowie,MD,US,,,,,13,14,13,14,15
Bowling Green,KY,US,,43,9,9,42,43,38,39,26
Bowling Green,OH,US,,,,,,,32,35,35
Box Elder,MT,US,,,,,,,,49,49
Boxford,MA,US,,,,,,,,23,23
Boyd,TX,US,,,,,,22,25,22,22
Boyne City,MI,US,,,,,,,,58,43
Boynton Beach,FL,US,,,,,,7,10,10,9
Bozeman,MT,US,51,47,48,51,54,52,49,47,47
Bracknell,(NA),GB,,,,,,,,72,72
Bradenton,FL,US,,,,,5,8,8,8,8
Bradley,IL,US,,,,,,,,6,6
Brady,TX,US,,,,,,,6,5,5
Brainerd,MN,US,,,,,6,6,6,11,11
Braintree,MA,US,,,,,10,10,11,11,11
Brampton,ON,CA,,,42,43,44,44,44,45,45
Brandon,MB,CA,,,,,34,34,34,34,35
Branson,MO,US,,,,,,,,21,21
Braselton,GA,US,,,,,,20,17,19,20
Braswell,GA,US,,,,,,50,50,39,39
Brattleboro,VT,US,,35,35,31,49,46,21,23,29
Breckenridge,CO,US,,46,22,26,26,25,28,28,33
Bremen,(NA),DE,,,,,,,,,77
Bremerton,WA,US,,,,,22,21,25,27,31
Brent,(NA),GB,,,,,,39,,63,62
Brentwood,CA,US,,,,,,,,39,38
Brentwood,MO,US,,,,,,,,22,23
Brevard,NC,US,,,,,,,13,13,13
Brewster,MA,US,,,,,,,,,26
Brewster,NY,US,,,,,,21,17,16,16
Bridgeport,CT,US,23,23,14,14,15,11,11,12,14
Bridgeport,TX,US,,,,,,9,11,11,11
Bridgeton,NJ,US,,,,,,,17,14,17
Bridgewater,VA,US,,,,,,,,32,32
Bridgewater Center,NJ,US,,,,,,,20,21,21
Brielle,NJ,US,6,6,5,9,9,9,9,9,10
Brighton,CO,US,,,,,14,17,17,17,17
Brighton,MI,US,,,,,25,27,28,29,29
Brighton,UT,US,,,,,,,,62,66
Brighton and Hove,(NA),GB,,,,,,,,,78
Brisbane,QLD,AU,,,,,,32,,35,36
Bristol,(NA),GB,,,,,,,,65,69
Bristol,CT,US,,,,,18,21,22,32,32
Broadview Heights,OH,US,,,,,,,,20,20
Brockton,MA,US,,,,,,,8,9,9
Broken Arrow,OK,US,,17,17,17,18,20,21,23,27
Bromley,(NA),GB,,,,,,28,,52,53
Bromont,QC,CA,,,,,,,87,83,83
Brookfield,WI,US,,,,,,,24,25,26
Brookhaven,GA,US,,,,,21,18,16,19,21
Brookings,OR,US,,,,,,,40,41,41
Brookings,SD,US,28,25,24,26,26,26,26,29,31
Brookline,MA,US,,,,,,,20,23,34
Brooklyn,NY,US,,54,58,60,64,55,67,72,73
Brooksville,FL,US,,,,,13,13,12,11,12
Brookville,IN,US,,,,,,,13,11,12
Broomfield,CO,US,,,,,26,48,46,47,48
Brownsburg,IN,US,,,,,,,,11,12
Brownsville,TX,US,,,,,,,,,9
Bruges,(NA),BE,,,,77,,79,74,76,76
Brunswick,MD,US,,,,,,,,,15
Brunswick,ME,US,,,,,,,,,21
Brussels,(NA),BE,,,,64,,81,84,87,87
Buchanan,MI,US,,,,,,,50,53,51
Buckeye,AZ,US,,,,,27,27,27,28,25
Buckfield,ME,US,,,,,54,49,43,39,42
Buckhannon,WV,US,37,37,36,37,25,25,22,26,27
Buckley,WA,US,,,,,,,63,63,60
Buellton,CA,US,,,45,45,46,33,28,31,41
Buena Vista,CO,US,,,,,13,24,14,13,12
Buffalo,NY,US,8,8,6,6,6,6,8,9,10
Buffalo Grove,IL,US,,,,,,,,31,21
Buford,GA,US,,,,,,15,15,20,20
Buhl,ID,US,,,,,,,9,9,9
Bunbury,WA,AU,,,,,,27,,28,30
Bundaberg,QLD,AU,,,,,,31,,33,35
Burbank,CA,US,,,,,,,28,33,36
Burke,VA,US,15,15,15,19,20,22,25,27,27
Burleson,TX,US,,,,,,12,12,13,13
Burlingame,CA,US,36,36,36,36,35,38,38,39,41
Burlington,IA,US,35,36,35,22,22,26,26,26,26
Burlington,ON,CA,,,,,,,45,46,43
Burlington,VT,US,20,24,48,53,52,64,61,63,61
Burnaby,BC,CA,,,,,41,42,44,46,46
Burnham,PA,US,,,,,,,,16,17
Bury,(NA),GB,,,,,,33,23,39,40
Butte,MT,US,,33,33,33,30,30,30,37,43
Caddo Mills,TX,US,,,,,,32,32,28,29
Cadillac,MI,US,,,,,,,55,58,60
Caguas,PR,US,,,,,,,,,21
Cairns,QLD,AU,,,,,,28,,32,34
Cairo,GA,US,,,,,,,,10,10
Calais,HDF,FR,,,,,,,66,69,71
Caldwell,ID,US,,,,,,,,,7
Caledon,ON,CA,,,,,,,,,52
Calgary,AB,CA,,,44,45,59,58,60,62,64
California,MD,US,,,,,,,,22,23
Calimesa,CA,US,,,,,,,,38,34
Calistoga,CA,US,,,,,,,,,58
Calumet,MI,US,,,,,,,,59,67
Camano,WA,US,,,,,,,,,27
Camarillo,CA,US,,,,,16,16,16,16,16
Cambridge,(NA),GB,,,,,,,,84,84
Cambridge,MA,US,23,32,23,36,49,52,72,72,68
Camden,(NA),GB,,,,,,61,,77,77
Camden,ME,US,,,,,,,,29,35
Camden,NJ,US,,21,30,30,30,30,24,33,35
Camp Hill,PA,US,,,,,,33,28,29,30
Campton,KY,US,,,,,,,,32,32
Canandaigua,NY,US,,,,,,,8,8,9
Canberra,ACT,AU,,,,61,58,53,,55,56
Canfield,OH,US,,,,,,,40,43,41
Canmore,AB,CA,,,,,,,61,72,74
Canterbury,(NA),GB,,,,,,,,,58
Canton,GA,US,,,,,,15,16,16,16
Canton,OH,US,,16,15,14,14,15,20,21,22
Canton Valley,CT,US,,,,,,,37,38,40
Cape Canaveral,FL,US,,,,,,,26,29,30
Cape Charles,VA,US,,,,,,,,56,68
Cape Coral,FL,US,,,,,6,6,5,5,6
Cape Girardeau,MO,US,,,,,,,,19,23
Capitol Heights,MD,US,,,,,,,9,10,11
Capitola,CA,US,,,,16,16,16,16,17,17
Carbondale,CO,US,,,,,,,,,35
Cardiff,(NA),GB,,,,,,,67,70,71
Carlisle,PA,US,,,,34,39,39,35,34,37
Carlsbad,CA,US,,25,16,18,21,19,21,24,26
Carlsbad,NM,US,,,,,,,,,7
Carmel,IN,US,51,54,49,54,55,55,54,55,53
Carmel,NY,US,,,,,,,,24,25
Carmel-by-the-Sea,CA,US,,,,,,,,54,54
Carolina,PR,US,,,,,,,,,27
Carolina Beach,NC,US,,,,,,,,,34
Carpentersville,IL,US,,,,,,,19,20,20
Carpinteria,CA,US,,,31,30,31,31,31,30,31
Carrboro,NC,US,,,,,,,37,38,38
Carroll,IA,US,,,,,,,,78,78
Carrollton,GA,US,,,18,16,16,16,18,19,19
Carrollton,TX,US,,,,,7,9,10,11,12
Carson,CA,US,,,,,,,14,18,19
Carson City,NV,US,,27,25,29,36,37,40,41,40
Carterville,IL,US,,,,,,,,8,8
Cary,IL,US,,,,,,18,17,21,21
Cary,NC,US,,,,20,33,33,33,35,34
Casa Grande,AZ,US,,,,,,39,39,39,37
Cascade,ID,US,,,,,,,10,10,10
Cascade Locks,OR,US,,,,,,,,49,48
Cashmere,WA,US,,,,,,,,,24
Casper,WY,US,41,40,41,5,5,5,5,5,5
Casselberry,FL,US,,,,,6,6,8,8,8
Castle Pines,CO,US,,,,,,26,25,27,26
Castle Rock,CO,US,,,,,,24,23,24,27
Castro Valley,CA,US,,,,,,,19,19,19
Catonsville,MD,US,,,,,,,,,14
Catskill,NY,US,,,,,,,14,15,15
Cave Junction,OR,US,,,,,,,,,55
Cañon City,CO,US,,,,,,,7,7,7
Cedar City,UT,US,,,,,,36,25,29,31
Cedar Falls,IA,US,,,,,44,49,50,51,52
Cedar Grove,NJ,US,,,,,,,18,18,18
Cedar Hill,TX,US,,,,,,10,11,11,12
Cedar Rapids,IA,US,,20,20,26,24,26,28,29,29
Cedar Springs,MI,US,,,,,,,,,37
Celina,TX,US,,,,,,14,14,14,14
Centennial,CO,US,,,,,,12,13,13,13
Centerton,AR,US,,,,,,,10,10,11
Centerville,OH,US,,28,26,27,27,28,32,34,34
Centerville,UT,US,,,,19,19,20,31,33,34
Central City,CO,US,,,,,,10,10,11,11
Central Coast,NSW,AU,,,,,,25,,27,30
Centralia,IL,US,,,,,,,,9,9
Chambersburg,PA,US,,,,,,,,24,26
Chamblee,GA,US,,,,,,9,8,10,11
Chambly,QC,CA,,,,,,,74,81,82
Chambéry,ARA,FR,,,,,,,65,72,78
Champaign,IL,US,41,39,28,16,20,21,23,24,24
Chandler,AZ,US,,21,23,23,25,28,26,27,27
Chanhassen,MN,US,,,,,31,31,29,29,30
Chantilly,VA,US,,,,,,,33,33,35
Chapel Hill,NC,US,,39,33,32,32,32,34,36,37
Charleston,SC,US,,22,16,7,7,7,9,10,10
Charleston,WV,US,,22,21,22,24,26,21,22,21
Charlevoix,MI,US,,,,,,,,,54
Charlotte,NC,US,20,22,12,12,23,25,29,30,32
Charlottesville,VA,US,17,17,16,19,21,24,23,26,27
Charlottetown,PE,CA,,,,,,,,,44
Chaska,MN,US,,,,,,,,,31
Chatham-Kent,ON,CA,,,,,,,,,40
Chattanooga,TN,US,22,21,21,20,20,20,20,22,24
Chautauqua,NY,US,,,,,,53,67,68,68
Chelmsford,MA,US,,,,,,,7,8,8
Chelsea,MA,US,,,,,,,,4,5
Chelsea,MI,US,,,,,56,56,50,51,46
Chelsea,QC,CA,,,,,,,62,61,62
Chemnitz,(NA),DE,,,,,,,,,52
Cherry Hill,NJ,US,,,,,25,25,26,27,26
Cherry Hills Village,CO,US,,,,,,17,20,21,19
Chesapeake,VA,US,20,20,22,22,22,19,20,21,21
Chester,(NA),GB,,,,,,,,66,66
Chester,MD,US,,,,,,16,16,23,25
Chester,NJ,US,,,,,,,,40,38
Chester,VA,US,,,,,,,,28,27
Chesterton,IN,US,,,,,,,,,10
Cheyenne,WY,US,,29,29,7,7,7,8,8,9
Chicago,IL,US,36,36,35,5,5,5,8,9,11
Chichester,(NA),GB,,,,,,,,,71
Chico,CA,US,,,44,44,47,47,48,51,57
Chilliwack,BC,CA,,,,,35,36,37,38,37
China Grove,NC,US,,,,,,,8,7,7
Chino,CA,US,,,,,19,17,21,22,24
Chino Hills,CA,US,,,,,,24,25,26,31
Chippewa Falls,WI,US,,,,,,,,55,57
Christchurch,(NA),NZ,,,,,,,53,58,63
Christiansburg,VA,US,,,,,28,26,24,24,28
Chula Vista,CA,US,19,19,17,21,21,22,23,26,26
Chunchula,AL,US,,,,,,,50,50,50
Cicero,IL,US,,,,,,,,,21
Cicero,IN,US,,,,,16,16,15,16,16
Cincinnati,OH,US,24,22,22,22,22,24,25,25,25
City of Durham,(NA),GB,,,,,,,,,59
City of London,(NA),GB,,,,,,68,,77,77
City of Manchester,(NA),GB,,,,,50,51,42,64,65
City of Nottingham,(NA),GB,,,,,,,,,61
Claremont,CA,US,,,,,18,16,22,23,23
Claremore,OK,US,,,,,,,18,15,15
Clarksburg,MD,US,,,,,,,,28,28
Clarksburg,WV,US,,,,,,,,24,25
Clarkston,GA,US,,,,,,9,10,11,11
Clarksville,IN,US,,,,,,,,7,7
Clarksville,TN,US,,23,22,22,23,24,24,25,21
Clarksville,VA,US,,,,,,,,20,38
Clay,WV,US,,,,,,,,38,38
Claymont,DE,US,,,,,,,,22,25
Clearfield,UT,US,,,,,,,27,29,30
Clearwater,FL,US,,,,,8,8,9,10,9
Cleburne,TX,US,,,,,,7,9,10,12
Clemson,SC,US,20,23,23,15,15,15,13,15,16
Cleona,PA,US,,,,,,,,10,10
Clermont,FL,US,29,30,14,14,14,13,13,14,13
Cleveland,OH,US,25,25,25,23,23,26,29,31,37
Cleveland,TN,US,,,,,,38,36,37,32
Cleveland Heights,OH,US,,,,,,,31,31,38
Clinton,MA,US,,,,,,,,13,12
Clinton,NY,US,,,,,,,14,14,15
Clinton Township,MI,US,,,,,,14,24,25,24
Clive,IA,US,,,,,,,,,56
Closter,NJ,US,,,,,29,29,28,28,29
Clovis,CA,US,,,,,,,21,27,26
Cochituate,MA,US,9,10,10,8,9,9,9,10,10
Cockrell Hill,TX,US,,,,,,6,10,11,12
Cody,WY,US,,,,,,,,,14
Coeur D'Alene,ID,US,,27,7,7,24,27,45,45,47
Coffs Harbour,NSW,AU,,,,,,30,,32,33
Colchester,(NA),GB,,,,,,,,45,50
Cole Harbour,NS,CA,,,,,,,36,34,34
College Park,GA,US,,,,,,7,7,12,12
College Park,MD,US,,,,,22,20,20,21,23
College Station,TX,US,,,,,,,18,21,21
Colleyville,TX,US,,,,,,10,23,23,21
Collierville,TN,US,,,,18,18,19,17,18,19
Collingswood,NJ,US,,,,,,,,23,25
Colorado Springs,CO,US,24,24,27,30,34,35,38,40,38
Columbia,IL,US,,,,,,,,11,12
Columbia,MD,US,20,19,16,15,18,20,35,37,35
Columbia,MO,US,,32,32,36,36,37,36,39,39
Columbia,SC,US,19,20,21,7,7,7,8,8,10
Columbia,TN,US,,,,,,,21,26,25
Columbia City,IN,US,,,,,,,,,15
Columbine Valley,CO,US,,,,,,6,6,7,19
Columbus,GA,US,,30,8,8,8,8,9,10,11
Columbus,IN,US,,,31,12,13,13,11,15,16
Columbus,NE,US,,,,,,,20,21,21
Columbus,OH,US,28,28,30,30,25,26,25,27,25
Combine,TX,US,,,,,,23,23,24,24
Combined Locks,WI,US,,,,,,,21,21,24
Commerce,CA,US,,,,,,,,17,16
Commerce,MI,US,21,18,18,20,20,21,23,25,25
Commerce,TX,US,,,,,,12,12,11,11
Commerce City,CO,US,,,,,,13,15,17,16
Concord,CA,US,,,,,,,,32,32
Concord,NC,US,19,19,11,11,12,12,11,12,12
Concord,NH,US,,26,11,11,13,14,14,16,16
Confluence,PA,US,,,,,,,,41,41
Conroe,TX,US,,,,,,,,,15
Conway,AR,US,,23,19,7,21,19,17,20,26
Conyers,GA,US,,,,,11,11,11,13,13
Cookeville,TN,US,,,,,,,,30,30
Coon Rapids,MN,US,,,,,,,18,18,18
Cooperstown,NY,US,,,,,17,17,19,19,19
Coppell,TX,US,,,,,9,14,31,32,31
Copper Canyon,TX,US,,,,,,20,22,26,26
Copperas Cove,TX,US,,,,,,,12,12,11
Coquitlam,BC,CA,,,,,35,38,40,42,43
Coral Gables,FL,US,,,,,,,11,12,13
Corinth,TX,US,,,,,,15,22,23,23
Cork,(NA),IE,,,,,,,,,46
Cornelius,OR,US,,,,,,,,34,37
Corning,NY,US,,,,,,,,5,5
Cornish,ME,US,,,,,,45,29,30,26
Cornwall-on-Hudson,NY,US,,,,,,,,22,22
Corona,CA,US,,,,,,,16,15,15
Coronado,CA,US,,,,,,,44,45,45
Corpus Christi,TX,US,,16,17,8,8,8,8,9,9
Corsicana,TX,US,,,,,,10,10,12,12
Corte Madera,CA,US,,,,,31,32,34,35,34
Corvallis,OR,US,,,38,30,37,58,66,70,71
Costa Mesa,CA,US,,,,,15,11,11,16,17
Cottonwood,AZ,US,,,,,,,21,24,21
Cottonwood Heights,UT,US,,,,20,22,22,24,24,22
Council Bluffs,IA,US,,,,,29,30,38,44,41
Coupeville,WA,US,,,,,,,,64,65
Courtenay,BC,CA,,,,,32,36,36,44,43
Coventry,(NA),GB,,,,,,31,21,47,49
Covington,GA,US,,,,,,12,11,12,14
Covington,KY,US,,,,,,,22,22,22
Cranberry,PA,US,,,,,24,23,25,28,27
Crandall,TX,US,,,,,,14,14,15,15
Cranston,RI,US,,27,26,26,27,14,16,18,18
Creedmoor,NC,US,,,,,,,,17,17
Cresskill,NJ,US,,,,,,20,21,23,26
Cresson,TX,US,,,,,,28,28,28,28
Crested Butte,CO,US,,88,29,88,89,87,87,87,87
Crestline,CA,US,,,,,,,43,43,39
Crestline,OH,US,,,,,34,34,37,37,37
Crewe,VA,US,,,,,,,,25,24
Crockett,CA,US,,,,,,,,22,23
Crofton,MD,US,,,,,23,23,25,27,27
Crosby,MN,US,,,,,,,16,13,15
Cross Roads,TX,US,,,,,,14,14,14,15
Crowley,TX,US,,,,,,10,12,12,12
Crown Point,IN,US,36,38,38,9,9,8,8,8,8
Croydon,(NA),GB,,,,,,42,,67,68
Crystal City,MO,US,,,,,,,,10,10
Crystal Lake,IL,US,,,,,6,6,7,8,9
Culver City,CA,US,,,,13,25,29,28,30,29
Cumberland,MD,US,,,,,4,4,4,5,5
Cumberland Hill,RI,US,,,,,,,,13,13
Cumming,GA,US,,,,,,,,24,26
Cupertino,CA,US,,,,24,27,26,26,27,28
Curitiba,(NA),BR,,,,,,,,,48
Cutler Bay,FL,US,,,,,,,13,14,15
Cuyahoga Falls,OH,US,,,,,,27,29,30,34
Dacono,CO,US,,,,,,15,15,14,13
Dahlonega,GA,US,,,,,,,23,28,27
Dallas,GA,US,,,,,15,14,14,17,17
Dallas,TX,US,19,19,17,7,7,8,10,11,12
Dallas - Central,TX,US,,,,,,,,8,
Dalworthington Gardens,TX,US,,,,,,9,10,10,10
Damascus,MD,US,,,,,,32,34,35,35
Dana Point,CA,US,,,,,,18,21,23,23
Dania Beach,FL,US,,,,,,,6,7,9
Danville,CA,US,,,,,32,33,36,37,37
Danville,IL,US,,,,,,,6,6,6
Danville,KY,US,19,28,11,11,11,11,11,11,11
Darien,CT,US,,,,,,,9,9,9
Darwin,NT,AU,,,,,,36,,38,38
Davenport,CA,US,,,,72,69,65,65,65,65
Davenport,IA,US,,26,26,22,29,32,32,32,28
Davie,FL,US,,,,,,13,19,20,20
Davis,CA,US,72,72,71,71,70,76,78,78,81
Dawsonville,GA,US,,,,,,,,,31
Dayton,OH,US,,19,18,25,28,28,28,29,28
Dayton,TN,US,,,,,,,,,30
Daytona Beach,FL,US,,,,,,,10,12,11
De Queen,AR,US,,,,,,,,11,11
De Soto,KS,US,,,,,,,,28,27
DeCordova,TX,US,,,,,,9,9,9,9
DeLand,FL,US,,,,,,,6,7,7
DeSoto,TX,US,,,,,,10,12,13,13
DeWitt,MI,US,,,,,,,56,56,55
Deadwood,SD,US,,,,,,,,,33
Dearborn,MI,US,,,,,,,36,36,37
Decatur,AL,US,,26,26,26,26,24,25,25,24
Decatur,GA,US,,,,10,10,12,14,15,15
Decatur,IL,US,,,,7,7,6,6,5,5
Decatur,TX,US,,,,,,10,12,13,13
Decorah,IA,US,,,,,,,,51,51
Dedham,MA,US,,,,,,6,7,8,12
Deer Park,NY,US,,,,,,,,3,3
Deer Trail,CO,US,,,,,,55,55,55,59
Deerfield,IL,US,,,,,7,7,8,8,9
Deerfield Beach,FL,US,,,,,,,13,20,20
Deinze,(NA),BE,,,,66,,64,64,65,67
Delafield,WI,US,,,,,,,29,29,29
Delaware,OH,US,27,25,23,29,35,39,37,40,40
Delft,ZH,NL,,,,,,,,,89
Delmont,PA,US,,,,,,,22,19,19
Delray Beach,FL,US,,,,,,,10,10,10
Demorest,GA,US,,,,,,,,,12
Denton,TX,US,,,,,,16,20,20,20
Denver,CO,US,37,38,36,37,35,42,44,46,47
Depew,NY,US,,,,,,,6,7,7
Derby,KS,US,,,,8,8,9,10,11,12
Des Moines,IA,US,34,34,34,31,30,32,32,34,36
Des Plaines,IL,US,,,,,,,9,10,15
Destin,FL,US,,,,,,,33,27,27
Detroit,MI,US,34,31,39,41,41,42,42,43,43
Detroit Lakes,MN,US,,,,,,,7,7,10
Deventer,OV,NL,,,,,,,,,77
Devon,AB,CA,,,,,,,,,60
Diamond Bar,CA,US,,,,,,,,26,26
Dickinson,ND,US,,,,,,,,41,41
Dickson City,PA,US,,,,,,,,20,20
Dillon,MT,US,,,,,,,,,61
Dinuba,CA,US,,,,,,,,38,38
Dixon,IL,US,,,,,5,5,5,6,6
Dodge City,KS,US,,,,,,,,4,4
Doral,FL,US,,,,,,,14,14,14
Dordrecht,ZH,NL,,,,,,,,,73
Dothan,AL,US,,,,,,,23,25,24
Double Oak,TX,US,,,,,,16,17,18,18
Douglasville,GA,US,,,,,,15,15,16,16
Dover,DE,US,,12,13,15,17,17,20,22,18
Dover,ID,US,,,,,,,,9,9
Dover,MA,US,,,,,,,,11,11
Dover,NH,US,,,,,,,15,15,16
Downers Grove,IL,US,31,29,29,9,9,9,11,11,11
Downey,CA,US,,,,,,12,11,20,19
"Downtown Los Angeles / University Park, Los Angeles",CA,US,17,16,17,27,,19,,27,
Doylestown,PA,US,,,,24,25,31,43,44,43
Drexel Hill,PA,US,,,,,,,,41,41
Drummondville,QC,CA,,,,,,,46,49,48
Dryden,NY,US,,,,,,,,21,20
Dubbo,NSW,AU,,,,,,,,,32
Dublin,(NA),IE,,,,,,,63,64,65
Dublin,CA,US,,,,,25,27,30,31,33
Dublin,OH,US,51,49,46,46,34,36,44,43,38
Dublin,TX,US,,,,,,6,6,6,7
Dubuque,IA,US,22,20,21,16,27,33,34,35,36
Dudley,(NA),GB,,,,,,27,17,42,44
Duluth,GA,US,27,27,18,18,18,20,16,18,17
Duluth,MN,US,,26,26,8,8,8,9,9,10
Duncanville,TX,US,,,,,,7,9,10,10
Dundalk,MD,US,,,,,,,,23,33
Dundee,(NA),GB,,,,,,,,55,57
Dundee,NY,US,,,,,28,28,20,20,20
Dunedin,FL,US,,,,,,,9,10,10
Dunwoody,GA,US,18,22,17,11,11,12,14,16,19
Durango,CO,US,,,,,13,13,13,20,21
Durant,OK,US,,,,,,,,,37
Durham,NC,US,26,24,13,14,15,15,16,17,17
Durham,NH,US,,,,,,,,,44
Düsseldorf,(NA),DE,,,,,,,,,74
Eagan,MN,US,,,,,,44,43,43,43
Eagle,CO,US,,,,,,,23,21,21
Eagle Lake,WI,US,,,,,,,,40,40
Ealing,(NA),GB,,,,,,61,,73,75
Earlysville,VA,US,,,,,,,47,55,55
Easley,SC,US,,,,,8,8,9,10,10
East Dundee,IL,US,,,,,11,11,11,15,13
East Earl,PA,US,,,,,,,,21,19
East Hanover,NJ,US,,,,,,,19,16,19
East Honolulu,HI,US,,32,17,15,16,16,18,21,22
East Lansing,MI,US,,,,,,,36,36,36
East Liverpool,OH,US,,,,,,,,23,23
East Merrimack,NH,US,,,,,,19,19,20,21
East Moline,IL,US,,,,,,,,9,9
East Northport,NY,US,,,,,9,8,9,10,10
East Palo Alto,CA,US,,,,,,27,29,32,36
East Providence,RI,US,,,,,13,12,11,12,13
East Renfrewshire,(NA),GB,,,,,,,,,44
East Troy,WI,US,,,,,,,,56,56
Easthampton,MA,US,,,,,,,11,11,12
Easton,MD,US,,,,,11,12,12,12,15
Easton,PA,US,,,,,,19,24,24,24
Eastvale,CA,US,,,,,,,17,20,22
Eaton,CO,US,,,,,,11,11,11,11
Eau Claire,WI,US,44,43,43,43,41,45,48,51,50
Eden Prairie,MN,US,,,,,,42,43,45,45
Edgecliff Village,TX,US,,,,,,2,3,4,4
Edgewater,CO,US,,,,,,27,16,20,21
Edgewater,NJ,US,,,,,18,18,23,26,26
Edina,MN,US,,,,,,,21,22,24
Edinburgh,(NA),GB,,,,,54,75,76,78,79
Edmond,OK,US,,,,,21,21,22,25,25
Edmonds,WA,US,,,,,,,27,33,34
Edmonton,AB,CA,,,40,41,61,56,58,61,62
Edmundston,NB,CA,,,,,,,47,47,47
Edwards,CO,US,,,,,,,,27,28
Edwardsville,IL,US,36,32,33,13,14,15,17,18,19
Effingham,IL,US,,,,,,,,7,8
Eindhoven,NB,NL,,,,,,,82,85,86
El Cerrito,CA,US,,,,,,55,58,59,59
El Dorado Hills,CA,US,,,,,,24,27,27,27
El Monte,CA,US,,,,,,13,13,22,22
El Paso,TX,US,24,16,18,6,6,6,7,7,7
El Sobrante,CA,US,,,,,,16,18,19,19
Elgin,IL,US,,,,,,,8,9,10
Elizabeth,NJ,US,,,,,37,37,41,45,44
Elizabethtown,KY,US,,14,9,9,9,9,9,9,10
Elk Grove,CA,US,,,,,,,21,22,23
Elk Grove Village,IL,US,,,,,7,7,7,10,11
Elk Run Heights,IA,US,,,,,,,17,17,17
Elkhart,IN,US,,,,,,,,5,5
Elkin,NC,US,,,,,,,,12,13
Elkins,WV,US,,,,,,,,,40
Elko,NV,US,,,,,,,,,47
Ellicott City,MD,US,,,,,,16,15,16,16
Ellicottville,NY,US,,,,,,,,16,16
Ellijay,GA,US,,,,,,,,15,15
Ellsworth,ME,US,,,,,,,,,26
Elmhurst,IL,US,,,,,7,7,7,7,7
Elmwood,LA,US,,,,,,,16,16,16
Elyria,OH,US,,,,,,,,,25
Emerald Isle,NC,US,,,,,,,74,76,76
Emeryville,CA,US,,,,,,41,42,43,44
Emigrant,MT,US,,,,,,,,40,36
Emmaus,PA,US,,48,45,45,51,51,55,50,58
Empire,CO,US,,,,,,17,17,17,20
Emporia,KS,US,,,,,,,,6,6
Encinitas,CA,US,,,,,39,38,38,41,40
Enfield,(NA),GB,,,,,,41,,64,65
Englewood,CO,US,,,,,,6,8,9,9
Englewood,KS,US,,,,,,,,18,18
Enid,OK,US,66,64,61,53,44,41,37,40,38
Ennis,TX,US,,,,,,10,10,10,10
Enschede,OV,NL,,,,,,,69,72,71
Enumclaw,WA,US,,,,,,,,,43
Erie,CO,US,,,,,,19,23,23,23
Erie,PA,US,,24,25,23,38,40,41,41,42
Escondido,CA,US,,,,,20,20,20,21,21
Essex Junction,VT,US,,,,,,,,,36
Estero,FL,US,18,18,20,20,19,19,14,16,16
Estes Park,CO,US,,,,,,,25,25,30
Euclid,OH,US,15,15,18,18,18,18,19,20,30
Eugene,OR,US,24,25,33,33,36,37,36,39,44
Euless,TX,US,,,,,,7,10,10,10
Eureka,CA,US,,,,23,22,27,25,26,28
Evans,CO,US,,,,,,4,5,6,7
Evanston,IL,US,32,31,30,7,32,33,38,41,43
Evansville,IN,US,13,23,23,5,5,6,6,8,8
Evansville,WI,US,,,,,,,,,60
Everett,MA,US,,,,,,,,10,11
Everett,WA,US,,,,,,41,39,40,39
Everman,TX,US,,,,,,10,9,9,8
Exeter,(NA),GB,,,,,,,,,77
Fairbanks,AK,US,,24,22,23,24,26,26,28,27
Fairburn,GA,US,,,,,,,,12,12
Fairfax,CA,US,,,,,,,,45,45
Fairfax,VA,US,,,,,46,48,46,46,46
Fairfield,CA,US,15,15,15,15,15,16,25,26,25
Fairfield,CT,US,,,,,,,22,22,22
Fairhope,AL,US,,,,,56,56,55,50,47
Fairmont,MN,US,,,,,,,,14,14
Fairport,NY,US,,,,,,,15,15,16
Fairview,TX,US,,,,,,15,28,28,29
Fall River,MA,US,,,,,,,6,7,8
Falls Church,VA,US,,,,,39,39,40,40,40
Falmouth,MA,US,18,18,19,16,16,15,18,22,22
Fargo,ND,US,49,49,46,52,61,47,48,55,59
Faribault,MN,US,,,,,,,12,14,14
Farmers Branch,TX,US,,,,,,11,11,13,13
Farmersville,TX,US,,,,,,13,14,14,13
Farmington,ME,US,,,,,,,,41,35
Farmington,NM,US,,,,,15,10,10,11,11
Farmington,UT,US,,,,,21,22,20,24,25
Farmington Hills,MI,US,,,,,21,19,23,26,26
Fate,TX,US,,,,,,7,12,12,12
Fayette,AL,US,,,,,,,,65,65
Fayette,MO,US,,,,,,88,88,80,89
Fayetteville,AR,US,29,32,36,39,42,46,49,50,51
Fayetteville,GA,US,,,,,,21,24,31,32
Fayetteville,NC,US,,23,8,8,10,10,10,10,10
Federal Heights,CO,US,,,,,,6,7,9,9
Federal Way,WA,US,,,21,21,21,21,24,25,26
Fergus Falls,MN,US,,,,,,10,12,12,12
Fernandina Beach,FL,US,,,,,,,,9,9
Ferndale,MI,US,40,44,49,50,49,49,50,50,53
Ferris,TX,US,,,,,,11,11,11,11
Festus,MO,US,,,,,,,11,11,11
Findlay,OH,US,,,,,,,30,32,32
Firestone,CO,US,,,,,,16,18,18,18
Firthcliffe,NY,US,,,,,14,14,21,23,21
Fishers,IN,US,,38,37,21,21,28,35,37,36
Fitchburg,WI,US,,38,37,33,41,40,42,47,47
Flagstaff,AZ,US,,,,,42,43,43,44,41
Flemington,NJ,US,,,,,,,,36,36
Flint,MI,US,,22,25,25,26,24,25,26,24
Florence,AZ,US,,,,,39,30,36,41,40
Florence,SC,US,,,,,,,,7,6
Florianópolis,(NA),BR,,,,,,,,,50
Flossmoor,IL,US,,,,,7,7,6,7,8
Flower Mound,TX,US,,,,,12,17,34,34,30
Foley,AL,US,,,,,,,23,25,26
Folsom,CA,US,31,31,34,35,35,35,34,35,37
Folsom,NJ,US,,,,,,,,27,22
Fond du Lac,WI,US,,,,,,52,54,54,53
Fontana,CA,US,,,,,,17,23,23,24
Forest Grove,OR,US,,,,,,,,33,34
Forest Heights,MD,US,,,,,,,,17,16
Forest Hill,TX,US,,,,,,3,4,4,4
Forest Lake,MN,US,,,,,,,,24,23
Forney,TX,US,,,,,,12,15,16,15
Fort Atkinson,WI,US,,,,,37,39,39,39,38
Fort Collins,CO,US,54,56,56,55,56,49,49,54,55
Fort Dodge,IA,US,,,,,,,19,16,16
Fort Lauderdale,FL,US,,17,4,4,5,5,11,12,12
Fort Morgan,CO,US,,,,,,,,3,4
Fort Myers,FL,US,,,,,12,12,14,15,14
Fort Pierce,FL,US,,,,,,,6,6,6
Fort Scott,KS,US,,,,,,,6,5,5
Fort Smith,AR,US,,28,28,5,5,5,6,7,8
Fort Valley,GA,US,,,,,,,9,9,9
Fort Wayne,IN,US,25,27,29,10,10,10,11,11,12
Fort Worth,TX,US,22,22,21,6,6,7,9,10,10
Fort Wright,KY,US,,,,,,,22,22,22
Fort Yates,ND,US,,,,,,,,88,88
Fortaleza,(NA),BR,,,,,,,,,52
Fountain Hills,AZ,US,,,,,,,,28,28
Fountain Valley,CA,US,,,,,13,13,13,14,16
Fox Point,WI,US,,,,,,,,,40
Foxborough,MA,US,13,13,13,12,13,14,16,16,17
Foxfield,CO,US,,,,,,13,14,14,14
Framingham,MA,US,,,,,,,10,10,16
Frankenmuth,MI,US,,,,,,,56,60,59
Frankfort,KY,US,,,,,,,,,12
Frankfurt am Main,(NA),DE,,,,,,,,,69
Franklin,IN,US,,,,,,,13,13,13
Franklin,NC,US,,,,,,,8,8,8
Franklin,TN,US,,25,24,24,24,24,25,25,22
Franklin,WI,US,,,,,,,26,26,26
Franklin Town,MA,US,,,,,,,,,14
Frederick,CO,US,,,,,,17,16,16,16
Frederick,MD,US,,27,12,12,12,13,12,13,11
Fredericksburg,VA,US,,,,,21,29,31,34,33
Fredericton,NB,CA,,,,,54,52,55,56,57
Fremont,CA,US,18,17,18,17,17,17,20,24,22
Fresno,CA,US,17,20,18,18,19,18,17,19,26
Fridley,MN,US,,,,,,,,,13
Friendsville,MD,US,,,,,,,,20,20
Frisco,TX,US,,,,,,9,18,18,19
Fruita,CO,US,,,,,,,11,11,11
Fryeburg,ME,US,,,,,,,46,44,45
Fullerton,CA,US,,,,,,28,26,25,24
Gadsden,AL,US,,,,,,,,20,22
Gaffney,SC,US,,,,,,,,7,7
Gahanna,OH,US,,,,31,24,24,28,28,29
Gainesville,FL,US,,36,16,16,17,17,17,19,20
Gainesville,GA,US,,,,,,,,11,11
Gaithersburg,MD,US,,,,,21,21,20,23,23
Galax,VA,US,,,,,,,,24,23
Galena,IL,US,,,,,25,25,18,48,55
Gallup,NM,US,,,,,8,8,8,9,9
Galt,CA,US,,,,,,42,46,46,46
Galveston,TX,US,,,,,,,7,8,7
Gambrills,MD,US,,,,,,15,14,14,14
Garden City,CO,US,,,,,,4,5,11,11
Garden Grove,CA,US,,,,,,,17,18,16
Gardiner,ME,US,,,,,,,,44,46
Gardner,MA,US,,,,,,,,15,17
Garland,TX,US,,,,,,5,7,8,8
Garner,NC,US,,,,,,,13,17,16
Garnett,KS,US,,,,,,,,,9
Garrett,PA,US,,,,,,,,,32
Gary,IN,US,,42,41,4,4,4,4,6,7
Gassaway,WV,US,,,,,,,,38,38
Gatineau,QC,CA,,,,,70,66,66,69,69
Geelong,VIC,AU,,,,,31,31,,34,36
Geneseo,IL,US,,,,,,,,9,11
Geneva,NY,US,,,,,,,9,11,11
Genoa,(NA),IT,,,,,,,,,55
Genoa City,WI,US,,,,,,,,,55
Georgetown,CO,US,,,,,,24,24,26,30
Georgetown,TX,US,,,,,,,14,14,15
Germantown,MD,US,,25,19,19,20,19,25,26,27
Germantown,TN,US,,,,,12,16,16,17,16
Gettysburg,PA,US,,,,,,,,18,18
Ghent,(NA),BE,,,,77,,81,78,79,80
Gibraltar,WI,US,,,,,,35,36,36,36
Gig Harbor,WA,US,,,,,,,20,21,22
Gilbert,AZ,US,,,23,22,25,26,27,28,28
Gillette,WY,US,,23,23,14,14,22,27,27,28
Gilroy,CA,US,,,,,,,29,30,31
Gladstone-Tannum Sands,QLD,AU,,,,,,,29,32,33
Glasgow,(NA),GB,,,,,28,60,57,60,62
Glastonbury Center,CT,US,,,,,,,,21,19
Glen Allen,VA,US,,,,,,,12,12,13
Glen Alpine,NC,US,,,,,,,,,13
Glen Arbor,MI,US,,,,,,,,47,48
Glen Burnie,MD,US,,,,,14,14,16,17,18
Glen Ellyn,IL,US,,,,,8,8,8,8,9
Glen Rose,TX,US,,,,,,13,14,14,17
Glenarden,MD,US,,,,,,,,8,7
Glenbrook,NV,US,,,,,,,,65,65
Glencoe,AL,US,,,,,,,33,31,30
Glendale,AZ,US,,29,25,25,25,24,26,26,26
Glendale,CA,US,,,,,,,19,27,27
Glendale,CO,US,,,,,,47,47,47,36
Glendale,WI,US,,,,,,,33,33,35
Glendora,CA,US,,,,,,,,28,25
Glenview,IL,US,,,,,,,,15,12
Glenwood Springs,CO,US,,,,,,,,26,26
Gloucester,(NA),GB,,,,,,,,,60
Godley,TX,US,,,,,,30,31,29,23
Gold Coast,QLD,AU,,,,,,29,,33,34
Golden,CO,US,,45,21,21,23,23,48,51,50
Goldsboro,NC,US,,,,,,,,,9
Goleta,CA,US,26,30,29,33,32,33,34,36,36
Gooding,ID,US,,,,,,,4,3,3
Goodyear,AZ,US,,,,,,25,23,23,25
Goose Creek,SC,US,,20,19,12,12,12,16,17,17
Gorham,ME,US,,,,,,,,27,31
Goshen,IN,US,,,,,,,,11,12
Granbury,TX,US,,,,,,11,12,12,12
Granby,QC,CA,,,,,,,60,61,66
Grand Blanc,MI,US,,,,,,,22,24,19
Grand Forks,ND,US,,60,59,61,62,57,58,61,59
Grand Haven,MI,US,,,,,,,59,59,59
Grand Island,NE,US,,32,20,33,33,33,30,33,36
Grand Junction,CO,US,,,,,12,12,11,14,15
Grand Ledge,MI,US,,,,,,,49,50,51
Grand Marais,MN,US,,,,,,21,28,28,32
Grand Prairie,TX,US,,,,,,8,9,11,11
Grand Rapids,MI,US,,28,20,18,18,21,26,30,32
Grand Rapids,MN,US,,,,,,,11,9,12
Grand Rivers,KY,US,,,,,,,,11,11
Grandview,TX,US,,,,,,15,18,20,19
Grandview Heights,OH,US,,,,,,25,24,26,24
Grandville,MI,US,,,,,,,42,47,50
Granger,IN,US,,,,,10,16,16,17,17
Grants,NM,US,,,,,,,21,12,11
Grants Pass,OR,US,,,,,35,35,37,31,41
Grapevine,TX,US,,,,,,10,16,16,16
Grass Valley,CA,US,,,,,,25,20,22,22
Grayslake,IL,US,,,,,,,,,24
Grayson,GA,US,,,,,21,21,19,26,26
Great Barrington,MA,US,,,,,,,,,21
Great Falls,MT,US,,45,35,35,32,36,36,36,36
Greece,NY,US,,,,,,,14,14,15
Greeley,CO,US,,,,,7,7,10,11,12
Green Bay,WI,US,38,37,33,40,38,38,40,40,40
Green Cove Springs,FL,US,,,,,,,9,8,8
Green Lake,WI,US,,,,,,,,28,28
Greenbelt,MD,US,,,,,,,13,13,13
Greenfield,IN,US,,,,,,,,10,10
Greenfield,MA,US,,,,,,,9,11,26
Greenlawn,NY,US,,,,,7,7,7,9,9
Greensboro,GA,US,,,,,,,,13,13
Greensboro,NC,US,25,24,7,8,8,8,7,8,9
Greenville,MS,US,,,,,,,,26,24
Greenville,NC,US,,,,,,,12,14,15
Greenville,OH,US,,,,,39,39,30,25,25
Greenville,SC,US,,42,43,14,14,15,16,16,17
Greenville,TX,US,,,,,,10,9,10,10
Greenwich,(NA),GB,,,,,,51,,70,69
Greenwich,CT,US,,,,,17,18,19,21,22
Greenwood Village,CO,US,,,,,,17,20,20,19
Gresham,OR,US,,20,21,18,16,17,21,22,24
Griffin,GA,US,,,,,,,12,11,11
Groningen,GR,NL,,,,,91,83,80,82,83
Grosse Pointe Woods,MI,US,,,,,,,44,44,44
Groton,CT,US,,,,,,,,,13
Groton,MA,US,,,,,,,,27,26
Groveland,CA,US,,,,,,,52,52,52
Groveland,FL,US,,,,,,,,17,19
Grover Beach,CA,US,,,,44,45,38,45,44,45
Guadalajara,(NA),MX,,,,,,,59,60,64
Guadalupe,CA,US,,,,53,51,51,51,50,45
Guatemala City,(NA),GT,,,,,,,44,47,48
Guelph,ON,CA,,,,,30,35,36,37,53
Guildford,(NA),GB,,,,,,,41,43,43
Gulf Shores,AL,US,,,,,,,29,36,36
Gulfport,FL,US,,,,,,,3,2,2
Gulfport,MS,US,,16,15,17,15,17,18,20,20
Gunnison,CO,US,,,,,,,33,33,34
Gurnee,IL,US,,,,,,,10,12,12
Gustine,CA,US,,,,,,,56,54,54
Guyton,GA,US,,,,,,,,25,25
Hackberry,TX,US,,,,,,9,14,14,14
Hackensack,NJ,US,,,,,,,,,31
Hackettstown,NJ,US,,,,,,,36,42,31
Hackney,(NA),GB,,,,,,71,,82,83
Hagerstown,MD,US,,,,,6,7,6,7,7
Hailey,ID,US,,,,,,,25,24,77
Hales Corners,WI,US,37,39,38,38,39,38,40,41,42
Half Moon Bay,CA,US,,,,,,,49,51,51
Halifax,NS,CA,,,,,34,33,38,40,41
Haltom City,TX,US,,,,,,5,6,6,7
Hamburg,(NA),DE,,,,,53,80,67,68,68
Hamburg,MI,US,,,,,30,30,24,23,22
Hamilton,(NA),NZ,,,,,,,,,58
Hamilton,GA,US,,,,,,,,,33
Hamilton,ON,CA,,,28,28,32,50,52,54,54
Hammersmith and Fulham,(NA),GB,,,,,,61,,78,76
Hammond,IN,US,25,26,30,3,3,4,5,10,14
Hammonton,NJ,US,,,,,20,20,20,21,28
Hampton,NH,US,,,,,,,,,24
Hampton,VA,US,,,,,,,,,17
Hampton Beach,NH,US,,,,,,,,17,17
Hancock,MD,US,,,,,,,,16,16
Hancocks Bridge,NJ,US,,,,,18,18,29,29,31
Hanford,CA,US,,,,,,,,,26
Hannover,(NA),DE,,,,,,,,,83
Hanover,NH,US,,,,,,,,,32
Hanover,NJ,US,,,,,,,,,16
Hanover Park,IL,US,,,,,,,13,14,13
Hapeville,GA,US,,,,,,7,7,30,29
Happy Valley,OR,US,,,,,17,18,19,20,22
Harbor Springs,MI,US,,,,,,,,92,63
Haringey,(NA),GB,,,,,,57,,76,75
Harleysville,PA,US,,,,,34,35,55,50,50
Harlingen,TX,US,,,,,,,7,7,8
Harpers Ferry,WV,US,,,,,,,,,20
Harrisburg,PA,US,,15,15,14,14,16,27,29,29
Harrisonburg,VA,US,,,,,20,21,23,24,27
Harrogate,(NA),GB,,,,,,,,47,48
Harrow,(NA),GB,,,,,,30,,51,53
Hartford,CT,US,,24,16,17,15,15,16,17,17
Hartland,WI,US,,,,,,,,,40
Harveys Lake,PA,US,,,,,,,,25,19
Haslet,TX,US,,,,,,17,20,21,23
Hasselt,(NA),BE,,,,78,,76,78,80,79
Hastings,MN,US,,,,,,,26,26,27
Hatboro,PA,US,,,,,,,,,20
Hatch,NM,US,,,,,10,9,13,12,12
Hatfield,PA,US,,,,,,,,24,22
Hattiesburg,MS,US,19,18,14,19,18,18,18,22,24
Havana,(NA),CU,,,,,,,45,47,47
Haverford College,PA,US,,,,,,,,,59
Haverhill,MA,US,,,,,,,,8,8
Havering,(NA),GB,,,,,,33,,57,58
Havre,MT,US,,,,,,,,,82
Havre de Grace,MD,US,,,,,,,,7,7
Hawaii,HI,US,,,,,,,,37,
Hayward,CA,US,,,,,,,,19,19
Hayward,WI,US,,,,,57,51,58,58,56
Hazel Crest,IL,US,,,,,,,,8,8
Hazel Park,MI,US,,,,,,,,,41
Healdsburg,CA,US,,,,,48,41,48,59,59
Heath,TX,US,,,,,,15,25,25,23
Heber,UT,US,,,,,,,33,39,33
Heber Springs,AR,US,,,,,,,,,13
Helena,MT,US,,39,37,48,56,56,62,61,60
Hempstead,NY,US,,,,,,,,,14
Henderson,NV,US,28,28,28,27,24,29,31,31,35
Hendersonville,NC,US,,,,,,,7,8,8
Hendersonville,TN,US,,,,,,,28,29,28
Hermitage,PA,US,,,,,,,,23,27
Herndon,VA,US,,,,,18,20,22,24,24
Heron Lake,MN,US,,,,,,,,19,19
Hertford,(NA),GB,,,,,,,,44,44
Hervey Bay,QLD,AU,,,,,,45,,45,49
Heusden-Zolder,(NA),BE,,,,,,63,62,62,62
Hewitt,NJ,US,,,,,,,15,13,13
Hialeah,FL,US,,,,,,,4,5,5
Hibbing,MN,US,,,,,,,,9,9
Hickory,NC,US,32,34,7,7,7,6,7,7,8
Hickory Creek,TX,US,,,,,,13,14,17,17
High Bridge,NJ,US,,,,,,,62,52,52
High Point,NC,US,29,29,7,7,7,7,7,7,7
Highland,CA,US,,,,,,,,18,18
Highland,IN,US,,,,,,,8,11,11
Highland,UT,US,,,,,24,27,26,26,26
Highland Park,IL,US,16,20,20,19,20,21,31,33,33
Highland Park,NJ,US,,,,,,,,36,36
Highland Park,TX,US,,,,,,6,10,10,10
Highland Village,TX,US,,,,,,13,29,31,30
Highlands Ranch,CO,US,,,,,,,17,18,16
Hillingdon,(NA),GB,,,,,,37,,54,56
Hillman,MI,US,,,,,46,52,44,46,46
Hillsboro,OR,US,,,29,29,31,33,36,37,38
Hillsboro,VA,US,,,,,,,,45,47
Hillsborough,NC,US,,,,,,,,20,20
Hillsborough,NJ,US,,,,,,,,35,35
Hilo,HI,US,,38,35,14,13,15,17,18,19
Hilton Head Island,SC,US,,58,59,35,35,34,43,45,45
Hilversum,NH,NL,,,,,,,,,84
Hiram,GA,US,,,,,,11,11,16,16
Hobart,TAS,AU,,,,,,29,,32,32
Hobbs,NM,US,,,,,,,,,9
Hobe Sound,FL,US,,,,,16,16,15,16,16
Hoboken,NJ,US,,,,,,62,62,62,65
Hoffman Estates,IL,US,,,,,17,17,41,43,42
Holbrook,MA,US,,,,,13,13,13,13,13
Holladay,UT,US,,,,,,,26,33,29
Holland,MI,US,,,,,,39,37,41,42
Holly Springs,NC,US,,,,,,12,17,18,18
Hollywood,FL,US,,,,,,,,,6
Holt,MI,US,,,,,,,27,31,29
Holton,KS,US,,,,,,,11,10,10
Homewood,IL,US,,,,6,7,7,7,9,10
Honolulu,HI,US,,,,18,17,19,18,18,19
Hood River,OR,US,,,,,,,27,27,28
Hooksett,NH,US,20,19,18,22,19,22,21,22,23
Hoover,AL,US,,16,18,20,21,21,22,24,24
Hopewell,VA,US,,,,,,,23,18,15
Hopkins,MN,US,,,,,,,23,26,34
Hopkinton,MA,US,,,,,,,23,23,24
Horn Lake,MS,US,,21,23,21,20,21,22,23,23
Horsham,PA,US,,,,,,,19,20,22
Hot Springs,AR,US,,,,,7,7,8,7,9
Hotchkiss,CO,US,,,,,,,18,15,13
Hounslow,(NA),GB,,,,,,49,,64,66
Houston,TX,US,19,19,16,9,9,10,10,11,11
Houthalen-Helchteren,(NA),BE,,,,,,,,,56
Howell,MI,US,,,,,,,,,52
Hudson,MA,US,,,,,,,,10,11
Hudson,NY,US,,,,,,,,19,19
Hudson,WI,US,,,,,,,54,55,55
Hudson Oaks,TX,US,,,,,,6,6,6,6
Hulmeville,PA,US,,,,,,,,4,4
Hummelstown,PA,US,,,,,10,10,8,12,12
Huntersville,NC,US,,,,,,,10,11,12
Huntington,WV,US,,32,52,36,37,41,41,42,45
Huntington Beach,CA,US,,,,,12,12,11,11,14
Huntington Station,NY,US,,,,,,,6,7,7
Huntsville,AL,US,21,21,20,20,21,20,21,22,23
Hurst,TX,US,17,18,10,5,5,5,8,8,9
Hustisford,WI,US,,,,,,,,71,68
Hutchins,TX,US,,,,,,13,18,18,18
Hutchinson,KS,US,,,,,,,4,5,5
Hutchinson,MN,US,,,,,,,,20,24
Hyattsville,MD,US,,,,,,,,19,20
Idaho Falls,ID,US,,17,6,6,6,11,13,13,13
Idaho Springs,CO,US,,,,,,21,23,25,23
Imperial Beach,CA,US,,,,36,40,42,38,39,43
Incline Village,NV,US,,,,,,,,36,36
Independence,KS,US,,,,,,,,4,4
Independence,MO,US,,25,26,26,26,27,32,32,32
Indialantic,FL,US,,,,,10,10,17,15,18
Indian Harbour Beach,FL,US,,,,,16,16,16,16,17
Indianapolis,IN,US,18,19,7,7,7,8,11,12,15
Indio,CA,US,,,,,,,14,18,19
Industry,CA,US,,,,,,,,18,18
International Falls,MN,US,,,,,,,,13,13
Inverness,FL,US,,,,,7,7,8,8,8
Iola,KS,US,,,,,11,10,11,10,10
Ionia,MI,US,,,,,,,,36,31
Iowa City,IA,US,37,37,37,38,49,46,43,44,44
Ipswich,(NA),GB,,,,,,,,48,49
Irmo,SC,US,,,,,,,10,10,11
Iron Mountain,MI,US,,,,,,,,50,51
Ironwood,MI,US,,,,,,,47,51,51
Irvine,CA,US,21,21,21,23,25,27,30,31,29
Irving,TX,US,,,,,8,8,10,11,11
Isla Vista,CA,US,,,,,,61,61,64,63
Islington,(NA),GB,,,,,,66,,82,82
Islip,NY,US,,,,,,,,,6
Issaquah,WA,US,,,,,33,33,39,40,33
Italy,TX,US,,,,,,16,14,14,13
Ithaca,NY,US,,,,,12,7,9,10,14
Jackson,MI,US,,,,,,,37,46,51
Jackson,MS,US,19,19,19,18,17,16,12,12,12
Jackson,TN,US,,16,16,16,16,16,20,20,20
Jackson,WY,US,,67,66,24,31,31,79,71,80
Jacksonville,FL,US,24,24,15,15,16,17,17,17,18
Jacksonville,NC,US,,,,,,,12,15,15
Jacksonville Beach,FL,US,,,,,13,13,13,13,13
Jamestown,ND,US,,,,,,,,,42
Jamestown,NY,US,,,,,,,4,5,6
Jamestown,PA,US,,,,,,,,49,49
Janesville,WI,US,32,34,33,33,35,35,40,42,39
Jasper,AL,US,,,,,49,49,48,49,48
Jefferson,GA,US,,,,,,,19,19,20
Jefferson,WI,US,,,,,,,28,29,30
Jefferson City,MO,US,,,,,,,,18,17
Jena,(NA),DE,,,,,,,,,65
Jersey City,NJ,US,12,13,19,21,24,24,28,30,32
Jersey Shore,PA,US,,,,,,,,73,73
Johns Creek,GA,US,,,,,,23,23,31,31
Johnson City,TN,US,27,27,27,26,26,28,31,23,19
Johnstown,CO,US,,,,,,14,14,14,14
Johnstown,PA,US,,,,,,,,25,25
Joliet,IL,US,,26,28,9,9,9,9,9,10
Jonesboro,AR,US,,20,20,10,9,9,9,9,11
Joplin,MO,US,,,,,,,24,25,24
Josephine,TX,US,,,,,,20,21,21,21
Joshua,TX,US,,,,,,16,16,18,19
Juneau,AK,US,,32,36,35,34,30,34,42,41
Juno Beach,FL,US,,,,,,,,22,22
Jurupa Valley,CA,US,,,,,,,,28,29
Justin,TX,US,,,,,,23,23,24,24
Kailua,HI,US,41,47,28,31,27,28,25,29,29
Kalamazoo,MI,US,32,32,35,34,35,36,30,36,33
Kalispell,MT,US,35,35,35,35,45,54,38,39,39
Kamloops,BC,CA,,,,,36,37,45,48,47
Kankakee,IL,US,,,,,,,5,5,5
Kannapolis,NC,US,,,,,,,,7,8
Kansas City,KS,US,31,28,32,9,9,9,9,9,9
Kansas City,MO,US,24,23,26,27,28,29,28,29,30
Kapolei,HI,US,,,,,,,17,18,16
Karlsruhe,(NA),DE,,,,,,,,,73
Kastav,(NA),HR,,,,,,,31,35,39
Katy,TX,US,,,,,,,15,15,16
Kauai,HI,US,,,,,,,,21,
Kaufman,TX,US,,,,,,14,13,14,14
Kaunakakai,HI,US,,,,,,,50,50,48
Kearney,NE,US,17,17,22,31,22,23,22,25,25
Kearny,NJ,US,,,,,,,,34,40
Keene,NH,US,,27,9,10,10,11,12,13,13
Keene,TX,US,,,,,,12,12,13,14
Keezletown,VA,US,,,,,,,,12,11
Keller,TX,US,,,,,,12,18,19,24
Kelowna,BC,CA,,,,,,,46,49,52
Kemp,TX,US,,,,,,22,22,22,22
Kempner,TX,US,,,,,,,25,24,24
Kempsey,NSW,AU,,,,,,,37,37,37
Kenilworth,NJ,US,,,,,,,,41,39
Kenmore,NY,US,,,,,,,,5,5
Kenmore,WA,US,,,,,,,,21,24
Kennebunk,ME,US,,,,,,,,18,21
Kennedale,TX,US,,,,,,10,11,12,11
Kenner,LA,US,,34,33,35,28,22,23,23,24
Kennesaw,GA,US,,,,,,13,14,16,19
Kennewick,WA,US,,,,13,14,14,15,15,15
Kenosha,WI,US,,,,,31,31,38,39,38
Kensington,MD,US,,,,,,,,16,16
Kensington and Chelsea,(NA),GB,,,,,,61,,75,74
Kent,OH,US,,,,,,32,38,39,39
Kent,WA,US,,19,19,20,20,20,20,21,21
Kentwood,MI,US,,,,,,,27,33,32
Kerens,TX,US,,,,,,17,17,18,18
Kerrville,TX,US,,,,,,,14,14,13
Ketchum,ID,US,,,,,,20,17,19,45
Kettering,OH,US,,,,,23,33,35,37,32
Kewanee,IL,US,,,,,,,,,5
Key West,FL,US,47,55,29,30,59,63,66,68,69
Keystone,CO,US,,,,,,,,50,49
Keystone Heights,FL,US,,,,,,,,,10
Kilgore,TX,US,,,,,,,6,6,6
Killeen,TX,US,,,,,,,6,7,8
Kimberley,BC,CA,,,,,,,,,72
King of Prussia,PA,US,,,,,,,,,21
Kings Park,NY,US,,,,,11,11,10,11,11
Kingsport,TN,US,,,,,15,17,14,15,17
Kingston,NY,US,38,38,10,10,11,11,13,15,14
Kingston,ON,CA,,,,,41,41,42,43,44
Kingston upon Hull,(NA),GB,,,,,,,,,55
Kingston upon Thames,(NA),GB,,,,,,51,,69,70
Kingwood,WV,US,,,,,,,,27,27
Kirkland,WA,US,,,,,,26,31,33,34
Kirkwood,MO,US,,,,,,,,26,27
Kissimmee,FL,US,,,,,,,,,16
Kitchener,ON,CA,,,,,43,42,47,65,65
Kittery,ME,US,,,,,,,21,23,27
Klamath Falls,OR,US,,,,23,23,23,31,31,32
Knightdale,NC,US,,,,,,,,,17
Knob Noster,MO,US,,,,,,,51,51,51
Knokke,(NA),BE,,,,87,,73,70,73,74
Knoxville,TN,US,23,21,8,8,8,24,28,29,26
Kokomo,IN,US,,,,,,,,7,7
Kortrijk,(NA),BE,,,,70,,70,73,71,72
Krugerville,TX,US,,,,,,19,19,16,16
Krum,TX,US,,,,,,21,21,16,16
Köln,(NA),DE,,,,,,,,,72
L'Ancienne-Lorette,QC,CA,,,,,,,37,40,44
La Crescent,MN,US,,,,,,,17,17,17
La Crosse,WI,US,32,32,54,60,59,60,60,61,65
La Grande,OR,US,,,,,,,,17,18
La Grange,IL,US,,,,,,6,6,6,7
La Habra,CA,US,,,,,,,,20,20
La Mesa,CA,US,,,,,24,24,31,34,34
La Plata,MD,US,,,,,,,,11,11
La Porte,IN,US,,,,,8,8,15,17,16
La Quinta,CA,US,,,,,,,27,29,28
La Salle,CO,US,,,,,,5,5,5,7
La Verne,CA,US,,,,,,12,12,15,15
LaGrange,GA,US,,,,,10,10,10,12,12
Lacey,WA,US,,,,,,,29,29,32
Ladera Ranch,CA,US,,,,,,,19,19,19
Lafayette,CA,US,,,,,17,17,19,19,20
Lafayette,CO,US,,,,,17,28,29,30,30
Lafayette,IN,US,,,,,7,9,12,13,14
Lafayette,LA,US,,14,14,14,14,17,16,18,20
Laguna Beach,CA,US,,,,29,28,28,33,29,30
Laguna Niguel,CA,US,,,,,,19,19,19,19
Laguna Woods,CA,US,,,,,,,13,12,12
Lahaina,HI,US,,,,,,,44,44,45
Lake Charles,LA,US,,19,19,15,16,16,17,16,18
Lake Dallas,TX,US,,,,,,15,15,20,20
Lake Elsinore,CA,US,,,,,28,28,30,32,32
Lake Forest,IL,US,,,,,,,,13,20
Lake Geneva,WI,US,,,,,54,54,67,67,72
Lake Grove,NY,US,,,,,8,8,9,13,13
Lake Havasu City,AZ,US,,,,,,,20,20,20
Lake Mary,FL,US,,,,,14,15,16,17,18
Lake Mohegan,NY,US,,,,,,,14,14,15
Lake Oswego,OR,US,,,,,20,19,20,21,22
Lake Worth,TX,US,,,,,,8,10,12,11
Lake Worth Beach,FL,US,,,,,,,4,5,5
Lake Zurich,IL,US,,,,,,,,14,20
Lakeland,FL,US,,,,,9,9,9,9,9
Lakeside,TX,US,,,,,,7,7,7,9
Lakeville,MA,US,,,,,20,17,16,17,15
Lakeville,MN,US,,,,,,,35,36,36
Lakewood,CO,US,,50,19,20,19,22,24,25,29
Lakewood,OH,US,,,,,,,,,44
Lakewood Ranch,FL,US,,,,,,,16,18,25
Lamar,TX,US,,,,,29,29,30,30,30
Lambeth,(NA),GB,,,,,,61,,75,75
Lame Deer,MT,US,,,,,,,,33,33
Lancaster,(NA),GB,,,,,,,,,74
Lancaster,CA,US,,,,,,,19,27,27
Lancaster,OH,US,,,,,,,40,50,34
Lancaster,PA,US,,,,17,18,20,26,30,32
Lancaster,TX,US,,,,,,10,10,11,10
Land O' Lakes,FL,US,,,,,,,,30,31
Lander,WY,US,,,,,,,9,9,12
Lanesboro,MN,US,,,,,,,16,16,16
Langhorne,PA,US,,,,,,,,11,11
Langley,BC,CA,,,,,39,40,42,43,47
Lansdale,PA,US,,,,,16,20,27,29,31
Lansdowne,PA,US,,,,,,,36,37,37
Lansing,MI,US,,21,26,30,31,36,37,38,38
Laramie,WY,US,45,40,49,10,10,7,17,18,17
Laredo,TX,US,,,,,,,,8,9
Largo,FL,US,,,,,,,,8,8
Larkspur,CA,US,,,,,,,,45,43
Larkspur,CO,US,,,,,,32,31,31,31
Las Cruces,NM,US,19,19,8,8,8,8,8,8,9
Las Vegas,NM,US,,,,,7,7,7,8,8
Las Vegas,NV,US,21,20,20,20,20,19,19,18,16
Launceston,TAS,AU,,,,,,26,,28,28
Laval,QC,CA,,,,,55,54,53,56,57
Lavon,TX,US,,,,,,25,25,23,23
Lawrence,IN,US,,,,,,,12,13,13
Lawrence,KS,US,,27,32,19,40,42,41,43,52
Lawrenceville,GA,US,,,,,,14,16,21,22
Lawton,OK,US,,,,,,,,,28
Lead,SD,US,,,,,,,,28,28
Leadville,CO,US,,,,,,,,12,12
League City,TX,US,,,,,,,15,15,17
Leavenworth,KS,US,,,,,,,18,17,17
Leavenworth,WA,US,,,,,,,,,43
Leawood,KS,US,,,,,,,,15,16
Lebanon,IL,US,,,,,60,60,60,47,47
Lebanon,NH,US,,,,,18,34,32,37,38
Lebanon,OH,US,26,21,23,28,28,27,26,28,28
Lebanon,PA,US,,,,,,,17,17,17
Lee's Summit,MO,US,,,,30,29,30,29,29,29
Leeds,(NA),GB,,,,,,,59,61,60
Leesburg,VA,US,,,,,35,36,32,36,37
Lehi,UT,US,,,,,,28,30,31,31
Leicester,(NA),GB,,,,,,,,54,57
Leigh-on-Sea,(NA),GB,,,,,,,,35,32
Leighton,AL,US,,,,,,,34,37,37
Leland,NC,US,,,,,,,15,14,17
Lelystad,FL,NL,,,,,,,75,74,75
Lenexa,KS,US,,30,28,30,33,34,33,38,38
Leominster,MA,US,,,,,,,,9,9
Letchworth,(NA),GB,,,,,,,,44,41
Lethbridge,AB,CA,,,,,43,45,46,54,55
Leuven,(NA),BE,,,,80,,82,85,85,85
Lewes,DE,US,,,,,22,23,27,32,33
Lewisburg,KY,US,,,,,,39,41,41,41
Lewisburg,PA,US,,,,,,,41,46,46
Lewisham,(NA),GB,,,,,,58,,78,78
Lewiston,ME,US,,45,44,37,37,37,38,38,28
Lewiston,MN,US,,,,,,,32,32,32
Lewisville,TX,US,,,,,,9,17,19,18
Lexington,KY,US,23,22,10,10,10,19,20,23,23
Lexington,MA,US,15,16,17,11,19,20,20,21,25
Lexington,SC,US,,,,,,,,,24
Libby,MT,US,,,,,,,43,43,43
Liberal,KS,US,,,,,,,5,4,4
Liberty,UT,US,,,,,,,22,23,23
Libertyville,IL,US,,,,,,9,11,12,14
Lilburn,GA,US,,,,,,13,14,15,15
Lima,OH,US,,,,,24,19,21,24,24
Lincoln,NE,US,29,30,29,29,31,32,36,39,39
Lincoln City,OR,US,,,,,,,33,41,40
Lincoln Park,NJ,US,,,,,,,,14,14
Linwood,NJ,US,,,,,,,,43,45
Lisbon,(NA),PT,,,,,,,64,70,71
Lisbon,OH,US,,,,,,,,31,34
Lithonia,GA,US,,,,,,6,6,6,6
Little Elm,TX,US,,,,,,14,17,18,18
Little Rock,AR,US,21,21,22,11,11,11,13,13,12
Littleton,CO,US,38,38,11,43,42,44,17,17,19
Littleton,NH,US,,,,,,,19,18,25
Live Oak,FL,US,,,,,,8,11,13,12
Livermore,CA,US,19,19,19,21,29,31,27,28,29
Liverpool,(NA),GB,,,,,,,,,55
Livonia,MI,US,38,32,34,33,32,32,37,38,36
Lochbuie,CO,US,,,,,,9,9,9,11
Lockhart,FL,US,,,,,,,,11,13
Locust Grove,GA,US,,,,,,17,18,18,18
Lodi,CA,US,,,,,,,20,21,29
Logan,UT,US,,,,27,24,41,47,50,49
Logroño,(NA),ES,,,,,,,67,64,64
Lombard,IL,US,,,,,11,11,11,11,11
Lompoc,CA,US,,,60,58,63,60,58,59,61
London,ON,CA,,,,,,36,37,38,39
London Metro,(NA),GB,,,,,58,48,,71,67
Lone Tree,CO,US,,,,,,19,24,27,23
Long Beach,CA,US,18,18,26,25,27,27,38,43,44
Long Beach,NY,US,,,,,7,6,6,6,7
Long Lake,MN,US,,,,,,28,30,30,31
Longmont,CO,US,,43,11,37,37,48,56,57,56
Longueuil,QC,CA,,,,,65,65,69,71,71
Longview,TX,US,,,,,8,8,9,9,9
Longwood,FL,US,,,,,,,,7,7
Lopez Island,WA,US,,,,,,,,,28
Lordsburg,NM,US,,,,,8,8,8,10,12
Lorton,VA,US,,,,,,,,39,39
Los Alamos,NM,US,,,,,,,23,23,23
Los Altos,CA,US,27,25,25,24,24,25,28,30,31
Los Angeles,CA,US,20,20,23,26,28,26,19,25,25
Los Gatos,CA,US,,,,,,19,22,23,24
Loudonville,OH,US,,,,,,,,23,23
Loughborough,(NA),GB,,,,,,,,45,47
Louisville,CO,US,,,,,50,56,51,52,51
Louisville,KY,US,28,28,8,7,8,9,8,9,9
Loveland,CO,US,,,,9,10,26,29,31,32
Loveland,OH,US,,,,,,,,31,31
Loves Park,IL,US,,,,,,,8,10,10
Lowell,IN,US,,,,,,11,9,11,11
Lowell,MA,US,,12,10,5,5,5,5,5,9
Lowry Crossing,TX,US,,,,,,21,22,21,21
Lubbock,TX,US,,,,,,7,7,8,8
Lucas,TX,US,,,,,,15,15,16,17
Ludington,MI,US,,,,,,,,65,63
Luray,VA,US,,,,,,,,,23
Lusby,MD,US,,,,,,,,,14
Lynchburg,VA,US,,,,21,21,20,23,25,25
Lynn,MA,US,,,,,,,,6,15
Lynnfield,MA,US,,,,,,,,12,15
Lynnwood,WA,US,,,,,,33,36,38,40
Lyon,ARA,FR,,,,57,,78,81,86,86
Lyons,CO,US,,,,,22,23,23,21,17
Lyons,KS,US,,,,,,,,6,7
Mabank,TX,US,,,,,,13,15,14,14
Mackay,QLD,AU,,,,,,43,,44,51
Mackinac Island,MI,US,,,,,,,99,100,100
Macomb,IL,US,,,,,,18,18,20,20
Macomb,MI,US,,,,,,10,18,20,20
Macon,GA,US,,23,9,9,9,9,9,9,10
Madison,AL,US,,,,,37,37,36,38,38
Madison,WI,US,50,52,53,50,51,55,58,60,61
Madrid,(NA),ES,,,,,68,62,59,63,63
Maitland,FL,US,,,,,,,6,6,7
Malden,MA,US,,,,,,,4,6,9
Manacor,(NA),ES,,,,,,,,,61
Manassas,VA,US,,,,,,,31,32,34
Manchester,CT,US,,,,,21,18,19,24,24
Manchester,NH,US,,36,5,5,6,11,11,12,13
Manchester Metro,(NA),GB,,,,,,41,30,53,54
Mandan,ND,US,,,,,,,,,42
Mandeville,LA,US,,,,,21,21,29,30,30
Manhasset,NY,US,,,,,13,14,15,16,16
Manhattan,KS,US,,39,39,12,12,11,12,12,12
Manhattan,NY,US,,43,45,48,55,43,43,52,51
Manhattan Beach,CA,US,,,,,52,51,50,52,48
Manistee,MI,US,,,,,,,,,39
Manitou Springs,CO,US,,,,,,,59,57,64
Manitowoc,WI,US,,,,,,,,47,49
Mankato,MN,US,,,,,,,18,19,22
Mansfield,GA,US,,,,,,,,20,20
Mansfield,OH,US,,,,,14,14,14,13,14
Mansfield,TX,US,,,,,,11,21,22,18
Manteca,CA,US,,,,,,,,19,19
Maple Grove,MN,US,40,40,56,38,41,45,49,50,52
Maple Ridge,BC,CA,,,,,33,32,33,36,37
Maple Valley,WA,US,,,,,,,,,43
Maplewood,MN,US,,,,,,,20,21,25
Maplewood,NJ,US,,,,,,,24,27,30
Marana,AZ,US,,,,,,28,28,29,30
Marblehead,MA,US,,,,,,,,7,13
Margate,FL,US,,,,,,,,,20
Margate City,NJ,US,,,,,51,51,49,49,48
Marianna,AR,US,,,,,,,,8,8
Marietta,GA,US,11,11,8,8,9,10,11,16,16
Marietta,OH,US,,,,,,,,,41
Marina,CA,US,,,,,,,,46,47
Marinette,WI,US,,,,,,,,62,64
Marion,OH,US,,,,,,,,29,29
Markham,ON,CA,,,,,,,43,44,45
Marquette,MI,US,65,65,67,60,61,61,61,69,70
Marrero,LA,US,,,,,,,22,23,23
Marseille,PAC,FR,,,,48,,64,65,64,65
Marshall,MN,US,,,,,,,,27,27
Marshfield,WI,US,55,54,53,53,59,59,67,67,67
Martinsburg,WV,US,,,,,,,,35,34
Marysville,WA,US,,,,,,,,29,28
Maryville,TN,US,,,,,23,27,29,31,20
Mascoutah,IL,US,,,,,,,,25,25
Mason,OH,US,,,,,,,,,35
Mason City,IA,US,,,,,14,14,17,17,19
Massapequa,NY,US,,,,,5,5,5,5,6
Massapequa Park,NY,US,,,,,,,3,3,3
Massillon,OH,US,17,17,17,17,18,21,26,27,27
Mattapoisett Center,MA,US,,,,,,,,28,44
Matthews,NC,US,,,,15,15,15,17,18,18
Mattoon,IL,US,,,,,,,,8,9
Maui,HI,US,,,,,,,,33,
Maumelle,AR,US,,,,,,,,20,20
Mazomanie,WI,US,,,,,,,,41,41
McAllen,TX,US,,,,,7,7,6,7,7
McCall,ID,US,,,,,,,11,14,18
McCook,IL,US,,,,,13,14,14,14,15
McDonough,GA,US,25,25,18,17,17,17,17,18,18
McKinney,TX,US,,,,,12,19,23,24,23
McLean,VA,US,,,,,19,19,16,17,18
McLendon-Chisholm,TX,US,,,,,,14,11,11,14
McMinnville,OR,US,,,,,,,,,17
McMurray,PA,US,,,,,,,22,22,23
McPherson,KS,US,,,,,,,,4,5
Mead,CO,US,,,,,,14,16,16,16
Meadow Woods,FL,US,,,,,,,,23,24
Mechanicsburg,PA,US,,,,,19,19,24,25,29
Mechelen,(NA),BE,,,,,,,,,76
Medellín,(NA),CO,,,,,,,,,62
Medford,MA,US,,,,,,,7,8,16
Medford,NJ,US,,,,,,,23,24,25
Medford,OR,US,,26,28,33,33,26,27,29,29
Media,PA,US,,,,,,,40,38,42
Medina,OH,US,,,,,,,,36,37
Melbourne,FL,US,17,16,11,12,12,12,15,17,17
Melbourne - Eastern Metro,VIC,AU,,,,,,,,31,32
Melbourne - Inner Metro,VIC,AU,,,,,,,,42,42
Melbourne - Inner South East Metro,VIC,AU,,,,,,,,29,29
Melbourne - Nothern Metro,VIC,AU,,,,,,,,38,38
Melbourne - Southern Metro,VIC,AU,,,,,,,,35,37
Melbourne - Western Metro,VIC,AU,,,,,,,,39,40
Melbourne Beach,FL,US,,42,10,11,12,12,17,10,10
Melissa,TX,US,,,,,,22,21,23,26
Melrose,MA,US,,25,22,7,7,7,12,15,27
Memphis,TN,US,11,10,5,5,11,12,12,14,15
Mendota Heights,MN,US,,,,,,,,28,28
Menifee,CA,US,,,,,,21,22,22,20
Menlo Park,CA,US,,,,,,29,44,47,51
Menomonee Falls,WI,US,,35,36,41,41,41,38,38,38
Menomonie,WI,US,,,,,,,,,59
Mentor,OH,US,,,,,,,,,26
Merced,CA,US,,,,,,,,51,40
Mercer Island,WA,US,,,,,,,,38,43
Meriden,CT,US,,,,,15,14,14,15,16
Meridian,ID,US,,20,6,8,9,11,23,22,21
Meridian,MS,US,,37,21,20,19,19,21,22,20
Merrick,NY,US,,,,,5,5,6,6,6
Merton,(NA),GB,,,,,,58,,72,74
Mesa,AZ,US,21,18,18,18,21,22,22,22,23
Mesquite,TX,US,,,,,,8,22,23,24
Metairie,LA,US,,25,25,24,22,24,26,26,27
Metuchen,NJ,US,,,,,,,,,28
Mexico City,(NA),MX,,,,,,,57,63,64
Miami,FL,US,20,21,3,4,4,20,22,24,24
Miami Beach,FL,US,,,,,,,47,47,48
Miami Gardens,FL,US,,,,,,,4,5,5
Miami Springs,FL,US,,,,,,,4,4,4
Miamisburg,OH,US,,,,,,,25,28,28
Middleborough Center,MA,US,,,,,,,,,12
Middlebury,VT,US,,39,42,42,44,39,34,31,32
Middlesbrough,(NA),GB,,,,,,,,46,48
Middleton,WI,US,,,,,,,39,48,48
Middletown,CT,US,,,,,33,24,24,27,27
Middletown,DE,US,,20,28,35,36,36,37,37,37
Middletown,NY,US,,,,,,,,9,10
Middletown,RI,US,,,,,,,,,21
Midland,MI,US,,,,,,,48,49,50
Midland,TX,US,,,,,,,9,9,9
Midlothian,TX,US,,,,,,13,13,13,13
Midvale,UT,US,,,,,,,17,18,20
Midway,KY,US,,,,,,,19,17,21
Mifflinburg,PA,US,,,,,,,60,55,55
Milan,(NA),IT,,,,,43,67,69,70,71
Mildura,VIC,AU,,,,,,32,,34,36
Milford,DE,US,,,,,,,,,14
Milford,MA,US,,,,,,,,10,11
Milford,NH,US,,20,14,15,16,15,15,17,16
Mill Valley,CA,US,,41,35,30,35,35,35,36,37
Millburn,NJ,US,,,,,27,31,31,28,29
Millbury,MA,US,,,,,,13,14,14,13
Milledgeville,GA,US,,,,,,,,14,15
Milliken,CO,US,,,,,,15,15,15,15
Milton,GA,US,,,,,,12,12,15,15
Milton Keynes,(NA),GB,,,,,,,69,78,78
Milwaukee,WI,US,27,27,28,28,32,35,45,46,50
Milwaukie,OR,US,,,,,,,27,28,30
Mineral Wells,TX,US,,,,,,9,10,10,9
Minneapolis,MN,US,39,28,26,17,35,63,70,71,72
Minneola,FL,US,,,,,,,,13,13
Minnetonka,MN,US,,,,,23,25,27,28,31
Minot,ND,US,,,,,,,26,27,30
Miramar,FL,US,,,,,,,,14,14
Mission,KS,US,,,,,,,,,12
Mission,TX,US,,,,,,,6,7,7
Mississauga,ON,CA,,,34,41,42,43,49,50,51
Missoula,MT,US,29,30,26,26,48,48,48,47,47
Mitchell,SD,US,,,,,,,,51,52
Moab,UT,US,,,,,,,27,30,38
Mobile,AL,US,,22,22,23,24,23,22,24,29
Modesto,CA,US,,,,,24,25,23,22,20
Moline,IL,US,,,,,,,11,11,10
Moncton,NB,CA,,,,,,,32,38,38
Monona,WI,US,,,,,,,59,64,63
Monroe,LA,US,,29,25,25,25,25,22,23,25
Monroe,MI,US,,,,,,,,,28
Monroeville,IN,US,,,,,,,,17,17
Montclair State University,NJ,US,,,,,,,,11,11
Montebello,CA,US,23,23,23,30,30,29,24,32,28
Monterey,CA,US,,,,,,45,22,26,28
Monterey Park,CA,US,,,,,,,,16,15
Monterrey,(NA),MX,,,,,,,58,58,58
Montgomery,AL,US,,29,28,25,26,23,21,24,24
Monticello,AR,US,,,,,,,12,11,10
Montpelier,VT,US,,21,19,20,23,22,18,25,25
Montreal,QC,CA,,,56,57,62,66,69,71,72
Montrose,CO,US,,,,,7,7,43,42,43
Monument,CO,US,,,,,,,,20,20
Mooresville,NC,US,17,18,9,10,9,9,10,12,15
Moorhead,MN,US,,,,,,,,23,23
Moreno Valley,CA,US,,,,,,,17,18,19
Morgan City,LA,US,,,,,,,49,45,45
Morgan Hill,CA,US,,27,20,18,19,20,25,26,27
Morgantown,WV,US,23,23,22,23,23,35,30,32,35
Morris County,NJ,US,,,,,,,,25,
Morrison,CO,US,,,,,,39,32,32,32
Morristown,NJ,US,23,23,24,24,24,26,37,38,39
Morrisville,NC,US,,,,,,,18,20,20
Morro Bay,CA,US,,,,27,28,34,34,38,39
Morrow,GA,US,,,,,,14,14,12,13
Morton,IL,US,,,,,11,11,12,12,13
Moscow,ID,US,,,,,,9,8,9,10
Moses Lake,WA,US,,,,,,,,,23
Mosquero,NM,US,,,,,16,19,29,29,29
Mount Dora,FL,US,,,,,,10,8,11,11
Mount Gambier,SA,AU,,,,,,31,,32,32
Mount Hope,OH,US,,,,,,,30,30,30
Mount Juliet,TN,US,,,,,,21,23,23,22
Mount Kisco,NY,US,,,,,,,,15,18
Mount Pleasant,SC,US,24,24,21,12,12,12,14,15,19
Mount Prospect,IL,US,,,,,7,8,8,28,37
Mount Sterling,IL,US,,,,,,,8,6,6
Mount Vernon,NY,US,,38,3,3,2,2,2,3,4
Mount Vernon,WA,US,,,,,,,,,43
Mountain Home,AR,US,17,16,16,9,9,9,9,8,8
Mountain View,CA,US,,,,,,29,31,33,35
Mountlake Terrace,WA,US,,,,,,,,,26
Mukilteo,WA,US,,,,,,,,,24
Mukwonago,WI,US,,,,,,,,29,28
Muncie,IN,US,,,,,,,7,7,7
Muncy,PA,US,,,,,,,,21,21
Mundelein,IL,US,,,,,25,35,38,44,44
Munich,(NA),DE,,,,,72,90,83,85,85
Munising,MI,US,,,,,,,,,49
Munster,IN,US,,,,,9,9,10,13,14
Murdock,NE,US,,,,,,,84,84,89
Murfreesboro,TN,US,,24,24,24,24,25,31,32,33
Murphy,TX,US,,,,,,8,10,10,10
Murrieta,CA,US,,,,,,26,27,29,31
Muscatine,IA,US,,,,,,,,20,20
Muskegon,MI,US,,,,,,61,41,43,48
Muskogee,OK,US,,,,,,,25,28,30
Myrtle Beach,SC,US,,,,12,13,13,14,14,14
Mystic,CT,US,,,,,19,24,25,28,27
Mérida,(NA),MX,,,,,,,57,58,59
Münster,(NA),DE,,,,,,,,,79
Nacogdoches,TX,US,,,,,,,,,16
Nampa,ID,US,,,,,,,,,8
Nanaimo,BC,CA,,,,,,,36,37,39
Nantucket,MA,US,,,,,32,40,41,34,33
Napa,CA,US,30,31,30,38,38,33,41,40,39
Naperville,IL,US,,,,,14,16,17,18,18
Naples,(NA),IT,,,,,8,48,49,53,54
Naples,FL,US,,,,,11,9,10,12,13
Narragansett,RI,US,,,,,18,13,13,15,13
Narragansett Pier,RI,US,30,30,29,27,27,16,16,18,16
Nashua,NH,US,33,32,15,15,13,14,14,15,17
Nashville,IN,US,,,,,,,,26,24
Nashville,TN,US,22,22,9,9,10,10,24,26,27
Natick,MA,US,,,,,,8,8,9,10
National City,CA,US,,,,,,,,23,20
Nederland,CO,US,,,,,,18,16,14,14
Needham,MA,US,,,,,,,6,7,8
Neenah,WI,US,,,,,,,29,30,31
Neptune City,NJ,US,,,,,,,11,13,14
Nether Providence,PA,US,,,,,,18,20,20,21
Nevada,TX,US,,,,,,21,22,22,22
New Albany,OH,US,,,,,,24,31,32,32
New Bedford,MA,US,,,,,,,,6,6
New Berlin,WI,US,,,,,24,26,29,30,30
New Braunfels,TX,US,,,,,,,14,15,15
New Brighton,MN,US,,,,,,,20,18,36
New Britain,CT,US,,,,,,,,31,32
New Brunswick,NJ,US,,,,,41,41,41,44,45
New Buffalo,MI,US,,,,,,,,32,59
New Castle,DE,US,,,,,,,,24,25
New Fairview,TX,US,,,,,,44,44,34,34
New Hampton,NH,US,,,,,,,,,17
New Hartford,NY,US,,,,,11,11,11,9,10
New Haven,CT,US,17,18,16,17,18,20,21,24,27
New Haven,MO,US,,,,,,,,22,24
New Hope,PA,US,,,,,,,,42,44
New Orleans,LA,US,34,36,35,34,34,19,23,25,26
New Paltz,NY,US,,,,,16,16,16,19,20
New Philadelphia,OH,US,,,,,,,31,32,35
New Port Richey,FL,US,,,,,,,13,13,13
New Shoreham,RI,US,,,,,,,,43,42
New Smyrna Beach,FL,US,,,,,11,11,11,10,11
New Ulm,MN,US,47,49,38,10,11,11,11,13,13
New York,NY,US,35,41,48,49,54,50,56,56,61
Newark,DE,US,26,25,25,23,23,25,32,34,36
Newark,NJ,US,16,15,19,20,19,21,22,23,25
Newark,TX,US,,,,,,18,15,15,15
Newberg,OR,US,,,,,,,,,39
Newburg,MO,US,,,,,,,37,25,25
Newburgh,IN,US,,,,,,,,,13
Newburgh,NY,US,,,,,,,6,7,7
Newburyport,MA,US,28,26,24,12,13,11,14,14,24
Newcastle,NSW,AU,,,,,,26,,28,29
Newcastle Upon Tyne,(NA),GB,,,,,,,,53,55
Newham,(NA),GB,,,,,,40,,66,82
Newington,CT,US,14,13,10,12,13,14,16,18,19
Newnan,GA,US,,,,,13,13,14,15,15
Newport,(NA),GB,,,,,,,,,65
Newport,KY,US,,,,,,,,20,20
Newport,RI,US,,30,18,17,20,11,14,14,15
Newport News,VA,US,,20,21,22,23,22,23,23,22
Newton,MA,US,,,,,7,7,8,9,22
Newton Hamilton,PA,US,,,,,19,19,18,18,18
Newtown,CT,US,,,,,,,24,24,24
Newtown,PA,US,,,,,,,,34,34
Niagara Falls,NY,US,,,,,,,,5,5
Niagara Falls,ON,CA,,,,,,,40,41,41
Nijmegen,GE,NL,,,,,,,,,86
Niles,IL,US,,,,,,,,11,12
Noblesville,IN,US,,,,,,,21,22,22
Nogales,AZ,US,,,,,,,29,29,29
Nolanville,TX,US,,,,,,,,17,18
Norcross,GA,US,,,,,,,10,15,14
Norfolk,NE,US,,,,,28,28,29,25,28
Norfolk,VA,US,15,14,17,18,22,21,23,23,26
Normal,IL,US,,,,11,14,16,19,19,21
Norman,OK,US,,22,23,21,21,21,22,24,25
North Augusta,SC,US,,,,,,,12,12,13
North Beach,MD,US,,,,,,,,,17
North Bellmore,NY,US,,,,,,,5,7,7
North Bend,WA,US,,,,,,,,41,46
North Canton,OH,US,,,,,,,25,25,25
North Charleston,SC,US,,,,,,,,,13
North Conway,NH,US,,,,,,,,18,20
North Haverhill,NH,US,,,,,,,,25,28
North Kansas City,MO,US,,,28,26,26,24,29,35,37
North Las Vegas,NV,US,,,,,,,,,12
North Little Rock,AR,US,,20,20,8,8,8,8,8,8
North Miami,FL,US,,,,,,,5,5,5
North Miami Beach,FL,US,,,,,,,9,10,10
North Myrtle Beach,SC,US,,,,,,,,,11
North Olmsted,OH,US,,,,,,,20,20,20
North Platte,NE,US,,30,31,31,21,21,23,25,24
North Port,FL,US,,,,,,,6,6,6
North Richland Hills,TX,US,,,,,,7,12,13,13
North Webster,IN,US,,,,,,,,33,33
North Wildwood,NJ,US,,,,35,47,56,56,56,60
Northampton,MA,US,32,32,27,17,17,17,16,20,33
Northampton,PA,US,,,,,,,,32,34
Northbridge,MA,US,,,,,,,,,14
Northbrook,IL,US,,,,,,8,8,9,9
Northfield,MN,US,,,,,,,17,17,24
Northfield,NJ,US,46,45,46,45,45,46,38,38,37
Northglenn,CO,US,,,,,,20,26,27,29
Northlake,TX,US,,,,,,22,22,22,22
Northport,NY,US,,,,,13,11,13,13,13
Northville,MI,US,,,,,44,44,33,33,33
Norwalk,CT,US,,28,6,6,6,13,20,21,23
Norwalk,OH,US,,,,,,,,40,39
Norwich,(NA),GB,,,,,,,,71,72
Norwood,MA,US,,,,,,7,8,8,9
Novato,CA,US,,,,,,,,30,29
Novi,MI,US,,,,,,,,30,29
O'Fallon,IL,US,,,,,,,,10,9
O'Fallon,MO,US,12,10,13,17,12,12,17,17,18
Oak Bluffs,MA,US,,,,,,,,12,52
Oak Lawn,IL,US,,,,,,,,7,8
Oak Leaf,TX,US,,,,,,6,10,10,10
Oak Park,IL,US,,,,,3,3,4,6,31
Oak Point,TX,US,,,,,,12,16,16,16
Oak Ridge,TN,US,,,,,,,,,21
Oakdale,MN,US,,,,,,32,35,39,41
Oakland,CA,US,26,26,26,32,32,34,40,45,45
Oakville,ON,CA,,,,,,,50,53,53
Oaxaca,(NA),MX,,,,,,,57,61,71
Oberlin,OH,US,,,,,,,67,69,75
Ocala,FL,US,,,,10,11,11,9,10,10
Ocean City,NJ,US,,,,,,,60,70,70
Ocean View,DE,US,,,,,15,15,15,18,17
Oceanside,CA,US,,,,,17,17,27,31,31
Ocoee,FL,US,,,,,10,11,10,10,11
Oconomowoc,WI,US,,,,,,,,,46
Oconto,WI,US,,,,,,,46,46,46
Odenton,MD,US,,,,,22,22,25,25,27
Odessa,FL,US,,,,,35,40,40,42,42
Ogden,UT,US,,,,,31,33,26,27,28
Ogdensburg,NY,US,,,,,,,,7,7
Ojai,CA,US,,,,,,,58,69,69
Okemos,MI,US,,,,,,,24,25,26
Oklahoma City,OK,US,19,19,20,20,20,21,22,24,24
Olathe,KS,US,,35,34,22,23,21,22,23,24
Old Orchard,PA,US,,,,,,,41,46,47
Old Orchard Beach,ME,US,,,,,,,22,27,26
Old Saybrook,CT,US,,,,,19,33,31,31,22
Oldham,(NA),GB,,,,,,42,22,45,44
Olean,NY,US,,,,,,,,8,8
Olive Branch,MS,US,,21,25,23,22,22,19,21,23
Olive Hill,KY,US,,,,,,,,17,16
Olivette,MO,US,,,,,,,,19,20
Olmos Park,TX,US,,,,,,,5,5,5
Olympia,WA,US,21,23,27,29,29,30,28,30,33
Omaha,NE,US,33,34,29,31,31,32,32,36,36
Oneonta,NY,US,,,,,,,,,19
Ontario,CA,US,,,,,,,,19,19
Opa-locka,FL,US,,,,,,,,4,4
Opelika,AL,US,,,,,21,21,22,25,25
Orange,CA,US,,,,,18,19,17,17,17
Orange,NSW,AU,,,,,,25,,30,30
Orange Beach,AL,US,,,,,,,,,40
Orange City,FL,US,,,,,,,,9,9
Oregon,WI,US,,,,,,,,,54
Oregon City,OR,US,,,,,17,19,23,23,24
Orem,UT,US,30,30,32,32,32,32,22,22,24
Orland,CA,US,,,,,,,44,49,49
Orlando,FL,US,19,20,11,12,22,22,24,26,26
Orleans,MA,US,,,,,,,,44,44
Ormond Beach,FL,US,,,,,11,12,13,13,12
Oro Valley,AZ,US,,,,,,,38,40,42
Orono,ME,US,31,32,32,34,34,29,29,27,37
Oroville,CA,US,,,,,,,,,11
Orrville,OH,US,,,,,,,24,29,29
Oshawa,ON,CA,,,,,32,36,36,44,48
Oshkosh,WI,US,,,,,32,34,35,37,37
Osijek,(NA),HR,,,,,,,49,51,53
Oswego,IL,US,,,,,,36,38,37,37
Oswego,NY,US,,,,,7,6,6,6,6
Ottawa,KS,US,,,,,,,6,7,7
Ottawa,ON,CA,,,46,51,49,49,52,54,56
Ottawa - Inner Greenbelt,ON,CA,,,,,,52,,,
Overland Park,KS,US,37,30,31,15,33,32,37,41,41
Oviedo,FL,US,,,,,15,15,15,18,18
Ovilla,TX,US,,,,,,11,14,14,14
Owensboro,KY,US,,36,10,10,11,11,10,10,9
Owensville,MO,US,,,,,,,,27,27
Owings Mills,MD,US,,,,,,,17,17,17
Oxford,(NA),GB,,,,,,,,78,79
Oxford,GA,US,,,,,,9,7,7,8
Oxford,MA,US,,,,,,,,11,10
Oxford,MS,US,,,30,41,46,46,45,45,45
Oxford,OH,US,,,,,42,35,44,45,45
Oxnard,CA,US,,,,31,40,37,37,38,37
Oyster Bay,NY,US,,,,,,,,,18
Ozark,MO,US,,,,,,,,14,14
Pacifica,CA,US,,,,,,,31,31,32
Paducah,KY,US,,,4,4,4,4,4,5,5
Pagosa Springs,CO,US,,,,,,,,18,18
Palatine,IL,US,,,,,10,10,10,11,11
Palm Bay,FL,US,,,,,,,,10,10
Palm Beach Gardens,FL,US,,,,,,,,16,16
Palm Coast,FL,US,,,,,,10,12,12,16
Palm Desert,CA,US,,,,23,24,19,22,22,22
Palm Springs,CA,US,,,,18,18,19,29,29,26
Palmdale,CA,US,,,,,,,,22,23
Palmer,TX,US,,,,,,26,28,28,27
Palmer Heights,PA,US,,,,,,,12,14,15
Palmetto Bay,FL,US,,,,,,,5,6,7
Palo Alto,CA,US,,42,41,44,45,49,54,55,56
Palos Heights,IL,US,,,,,,,,9,9
Panama City Beach,FL,US,,,,,,,,,23
Pantego,TX,US,,,,,,10,11,11,10
Paoli,PA,US,,,,,,15,18,19,24
Papillion,NE,US,,,,38,37,37,36,43,44
Paradise,CA,US,,,,,,,,25,24
Paradise,NV,US,,31,27,26,22,21,17,17,20
Paramount,CA,US,,,,,,,,22,21
Paramus,NJ,US,,,,,21,21,22,22,22
Paris,IDF,FR,,,61,,70,79,83,87,89
Park City,UT,US,,,,,34,33,48,48,61
Park Rapids,MN,US,,,,,,,10,9,9
Park Ridge,IL,US,,,,,,,5,6,6
Parker,CO,US,,,,,18,20,18,20,20
Parker,TX,US,,,,,,9,10,10,9
Parkersburg,WV,US,,26,22,22,27,27,18,19,18
Parkland,FL,US,,,,,,,28,28,29
Parry Sound,ON,CA,,,,,,,,57,58
Parsippany,NJ,US,,,,,,,,25,25
Pasadena,CA,US,,,,,22,18,19,25,25
Pasadena,MD,US,,,,,11,11,13,13,14
Pasadena,TX,US,,,,,,,6,6,6
Paso Robles,CA,US,,,,20,19,19,19,22,20
Passaic,NJ,US,,,,,,,,,14
Paterson,NJ,US,,11,12,13,13,13,14,16,16
Patten,ME,US,,,,,,,,44,47
Pawling,NY,US,,,,,,,,,16
Pawtucket,RI,US,,11,10,14,13,8,9,11,11
Payson,AZ,US,,,,,,,,60,58
Peabody,MA,US,,,,,,,,9,9
Peachtree City,GA,US,,41,20,19,20,20,41,48,50
Peachtree Corners,GA,US,,,,,,15,8,10,10
Pearl City,HI,US,,,,,,,,,15
Pekin,IL,US,,,,,6,7,7,6,6
Pelham,AL,US,,,,,28,28,28,26,25
Pelham,NY,US,,,,,,,,3,4
Pelham Manor,NY,US,7,8,2,2,2,2,2,3,3
Pelican Bay,TX,US,,,,,,8,8,8,8
Pella,IA,US,,,,,60,60,44,47,54
Pembroke Pines,FL,US,,,,,,,,17,18
Penn Yan,NY,US,,,,,,,9,9,11
Penngrove,CA,US,,,,,,7,8,10,10
Pensacola,FL,US,,,,24,26,24,23,29,29
Pentwater,MI,US,,,,,,,43,42,42
Peoria,AZ,US,,22,22,21,20,19,21,23,23
Peoria,IL,US,,14,15,6,7,8,8,9,9
Perrysburg,OH,US,,,,,,,,,33
Perrysville,OH,US,,,,,,,,,85
Perth,WA,AU,,,,,,32,,33,36
Peru,IL,US,,,,,,,,7,8
Petaluma,CA,US,,,,,37,45,43,44,44
Peterborough,ON,CA,,,,32,37,38,38,39,41
Peters,PA,US,,,,,24,23,21,21,22
Petersburg,AK,US,,,,,,,62,62,62
Philadelphia,PA,US,44,43,40,43,47,48,58,58,59
Phillips,WI,US,,,,,,,,60,59
Philmont,NY,US,,,,,,,,29,29
Phoenix,AZ,US,31,27,26,27,28,28,28,29,32
Phoenixville,PA,US,,,,,16,16,21,21,50
Pierre,SD,US,,35,36,37,35,36,36,35,33
Pilot Point,TX,US,,,,,,15,19,19,16
Pine,PA,US,,,,,,21,22,24,24
Pine Bluff,AR,US,,33,34,6,6,5,6,5,5
Pine Mountain,GA,US,,,,,,,,25,27
Pinecrest,FL,US,,,,,,,7,7,8
Pinehurst,NC,US,,,,,,,8,7,7
Pineville,LA,US,,,,,,,,12,11
Piscataway,NJ,US,,,,,22,21,22,22,22
Pismo Beach,CA,US,,,,22,22,20,23,25,25
Pittsburgh,PA,US,21,19,20,21,22,24,28,30,33
Pittsfield,MA,US,,,,,,,12,21,20
Pittsfield Charter Township,MI,US,,,,24,24,24,22,23,23
Pittsford,NY,US,10,9,7,9,8,10,14,16,17
Pittston,PA,US,,,,,,,,17,18
Placerville,CA,US,,,,,,,,18,18
Plainfield,IL,US,,,,,,,17,18,19
Plainfield,NJ,US,,,,,61,61,57,57,56
Plainfield Village,CT,US,,,,,,,,29,28
Plainview,NY,US,,,,,8,9,9,9,9
Plano,TX,US,,19,13,6,6,8,10,10,11
Plantation,FL,US,,,,,16,15,21,21,21
Platteville,WI,US,,,,,,,,61,64
Plattsburgh,NY,US,,,,,,9,9,11,10
Pleasant Hill,CA,US,,,,,,,,39,40
Pleasanton,CA,US,,,,,24,24,31,32,33
Plymouth,(NA),GB,,,,,,,47,49,50
Plymouth,MA,US,,,,,,,,12,12
Plymouth,NH,US,,,,,,,,21,25
Pocatello,ID,US,24,23,7,7,7,6,6,7,7
Point Arena,CA,US,,,,,,63,69,69,69
Pomona,CA,US,,,,,,,22,26,27
Pompano Beach,FL,US,,,,,,,9,10,10
Ponce,PR,US,,,,,,,,,23
Ponder,TX,US,,,,,,35,35,32,32
Ponte Vedra,FL,US,,,,,25,25,25,26,26
Pontiac,MI,US,,,,,,,28,32,34
Poole,(NA),GB,,,,,,,,51,51
Poplar Bluff,MO,US,,,,,,,,42,42
Port Angeles,WA,US,,,,,,,40,41,41
Port Chester,NY,US,16,16,6,6,6,6,6,6,6
Port Coquitlam,BC,CA,,,,,31,34,35,38,38
Port Jervis,NY,US,,,,,,,,12,17
Port Macquarie,NSW,AU,,,,,,,20,24,25
Port Moody,BC,CA,,,,,,39,40,43,45
Port Orange,FL,US,,,,,,,,18,18
Port Orchard,WA,US,,,,,,,21,22,20
Port St. Lucie,FL,US,,,,,12,12,12,13,13
Port Townsend,WA,US,,,,58,60,60,65,70,68
Port Washington,NY,US,,,,,,,15,16,16
Portage,MI,US,,,,,43,44,44,46,45
Portland,ME,US,19,19,21,22,22,30,28,39,38
Portland,OR,US,33,35,39,49,51,55,58,59,61
Porto Alegre,(NA),BR,,,,,,,54,55,56
Portsmouth,NH,US,27,27,18,18,11,14,19,22,24
Portsmouth,OH,US,,,,,,,,60,62
Potomac,MD,US,,,,,,,,16,16
Pottstown,PA,US,,,,,18,24,28,28,34
Poughkeepsie,NY,US,,,,,,,,10,10
Poway,CA,US,,,,,,,25,27,27
Powder Springs,GA,US,,,,,,15,15,18,18
Powell,WY,US,,,,,,,12,10,11
Prescott,AZ,US,,,,,,,37,37,37
Presque Isle,ME,US,,,,,,18,25,29,28
Preston,(NA),GB,,,,,,,,,61
Prince George,BC,CA,,,,,29,29,30,32,33
Princess Anne,MD,US,,,,,,,,7,7
Princeton,IL,US,,,,,,,12,12,13
Princeton,NJ,US,,,,,,44,28,33,33
Princeton,TX,US,,,,,,28,28,27,27
Prineville,OR,US,,,,,,,,23,23
Prior Lake,MN,US,,,,,,,34,41,42
Prosper,TX,US,,,,,,17,22,24,25
Providence,RI,US,28,26,25,27,29,16,26,29,30
Providence Village,TX,US,,,,,,16,24,31,32
Provincetown,MA,US,79,85,87,87,87,88,96,96,96
Provo,UT,US,,32,32,33,32,32,28,28,38
Pueblo,CO,US,,,,,4,4,5,5,6
Pullman,WA,US,,,,,47,47,40,44,45
Punta Gorda,FL,US,,,,,,,,,10
Purcellville,VA,US,,,,,,,,,36
Putnam,CT,US,,,,,,,23,23,23
Quakertown,PA,US,,,,,,,,28,29
Quebec City,QC,CA,,,,,,57,58,60,61
Queen Creek,AZ,US,,,,,,,,,31
Queens,NY,US,,38,49,49,55,53,58,,63
Quesnel,BC,CA,,,,,,,,,50
Quincy,CA,US,,,,,,,46,46,48
Quincy,IL,US,52,53,55,8,8,8,6,6,7
Quincy,MA,US,,,,,,,,16,8
Quinlan,TX,US,,,,,,21,21,21,23
Racine,WI,US,33,34,35,38,38,40,40,41,41
Radcliff,KY,US,,,,,,,,10,11
Radford,VA,US,,,,,,,,,53
Raleigh,NC,US,15,15,13,18,18,18,19,21,21
Ramsey,MN,US,,,,,,,,36,32
Rancho Cordova,CA,US,,,,,,,26,26,29
Rancho Cucamonga,CA,US,,,,12,13,14,16,16,18
Rancho Mirage,CA,US,,,,,,,,19,19
Rancho Palos Verdes,CA,US,,,,,,,,22,22
Rancho Santa Margarita,CA,US,,,,,,,15,15,15
Randolph,NJ,US,,,,,,,19,21,17
Rapid City,SD,US,,32,32,32,34,35,42,49,49
Ravenna,OH,US,,25,19,20,19,26,31,31,32
Raynham Center,MA,US,,,,,,,,23,24
Reading,PA,US,,,,,12,13,17,17,17
Red Bank,NJ,US,,,,,17,17,19,20,21
Red Deer,AB,CA,,,,,40,38,47,55,61
Red Oak,TX,US,,,,,,18,21,20,21
Red Wing,MN,US,,,,,16,16,18,18,18
Redbridge,(NA),GB,,,,,,37,,60,62
Redcliffe,QLD,AU,,,,,,,,,35
Redding,CA,US,15,15,17,19,21,22,20,21,21
Redlands,CA,US,19,19,23,21,20,21,23,24,26
Redmond,OR,US,55,55,55,21,21,25,20,21,21
Redmond,WA,US,,,28,27,27,27,28,29,28
Redondo Beach,CA,US,,,,,,,33,36,34
Redwood City,CA,US,31,31,33,33,35,39,40,41,40
Reed City,MI,US,,,,,,,,,60
Reedsburg,WI,US,,,,,,,,43,51
Regina,SK,CA,,,,,,,32,33,36
Rehoboth Beach,DE,US,,,,,21,28,33,35,35
Reidsville,GA,US,,,,,14,14,16,17,17
Reminderville,OH,US,,,,,,,32,33,35
Reno,NV,US,24,25,26,25,25,23,23,24,27
Reno,TX,US,,,,,,9,9,9,9
Rensselaer,NY,US,,,,,,,,6,6
Renton,WA,US,,,,,,,,26,26
Repentigny,QC,CA,,,,,54,52,53,57,56
Reserve,LA,US,,,,,,,,18,21
Reston,VA,US,,,,,32,31,30,32,31
Revere,MA,US,,,6,6,6,6,7,9,9
Rexburg,ID,US,79,68,21,24,24,24,15,17,17
Rhinelander,WI,US,,,,,,,,28,28
Rhome,TX,US,,,,,,28,28,25,25
Rialto,CA,US,,,,,,13,18,18,18
Rice,TX,US,,,,,,18,18,18,14
Richardson,TX,US,16,15,16,9,9,11,14,14,14
Richfield,MN,US,,,,,,12,24,25,53
Richfield,UT,US,51,51,43,43,28,30,35,27,28
Richford,VT,US,,,,,,,,23,23
Richland,WA,US,14,14,15,17,20,21,23,25,29
Richland Hills,TX,US,,,,,,3,3,3,3
Richmond,BC,CA,,,,,,,39,43,42
Richmond,CA,US,,,,,,27,29,30,30
Richmond,IN,US,,,,,,13,9,12,12
Richmond,KY,US,,,,,,,,,20
Richmond,VA,US,22,21,20,20,20,22,23,24,25
Richmond Hill,ON,CA,,,,,,,51,50,50
Richmond upon Thames,(NA),GB,,,,,,62,,73,73
Ridge Manor,FL,US,,,,,,,,16,16
Ridgefield,CT,US,,,,,,,21,21,20
Ridgefield Park,NJ,US,,,,,,,,11,11
Ridgeland,MS,US,,33,28,20,22,23,23,28,29
Ridgewood,NJ,US,,,,,33,33,32,32,35
Rijswijk,ZH,NL,,,,,,,80,81,80
Rio Rancho,NM,US,,20,6,6,7,8,8,8,9
Rio Vista,TX,US,,,,,,26,23,23,21
River Falls,WI,US,,,,,,,46,46,46
River Oaks,TX,US,,,,,,2,4,4,4
Riverside,CA,US,19,19,19,20,20,19,22,20,21
Riverside,IL,US,,,,,,,,,9
Riverton,WY,US,,,,,,,8,7,7
Riverview,FL,US,,,,,20,22,22,25,24
Roanoke,TX,US,,,,,,23,28,30,30
Roanoke,VA,US,17,18,19,18,18,19,25,30,34
Roberta,GA,US,,,,,,,18,17,17
Robinson,PA,US,,,,,27,27,27,27,27
Rochdale,(NA),GB,,,,,,43,21,45,45
Rochester,MI,US,,,,,,,61,63,64
Rochester,MN,US,,35,35,33,36,32,38,39,39
Rochester,NH,US,,,,,,,,,15
Rochester,NY,US,20,21,4,5,5,5,6,7,7
Rock Hill,SC,US,,,,,,,11,12,12
Rock Island,IL,US,,,,,,,7,7,6
Rock Springs,WY,US,,,,,,,,,11
Rockaway,NJ,US,,,,,,17,19,21,16
Rockaway Beach,OR,US,,,,,,,,42,49
Rockford,IL,US,,23,23,7,7,7,7,8,8
Rockford,MI,US,,,,,,,55,56,57
Rockhampton,QLD,AU,,,,,,28,,32,33
Rockledge,FL,US,,,,,,,16,22,22
Rocklin,CA,US,,,,,,18,20,21,22
Rockville,MD,US,,29,16,16,16,17,19,21,22
Rockwall,TX,US,,,,,,11,21,21,22
Rocky Hill,CT,US,,,,,,,14,14,15
Rogers,AR,US,16,19,12,33,33,35,30,34,38
Rogers City,MI,US,,,,,,,65,69,70
Rohnert Park,CA,US,,,,,,46,47,50,50
Rolla,MO,US,,,,,,,,33,33
Rome,(NA),IT,,,,,10,50,50,55,57
Rome,NY,US,,,,,,,,7,8
Romeo,MI,US,,,,,,,39,40,51
Roseburg,OR,US,,,,,,,26,24,25
Roselle,NJ,US,,,,,,,,30,30
Roselle Park,NJ,US,,,,,,,,46,46
Rosemère,QC,CA,,,,,,,,,59
Rosendale,NY,US,,,,,,,,26,24
Roseville,CA,US,,,,,17,17,18,19,20
Roseville,MN,US,,,,,,19,22,22,25
Roswell,GA,US,,21,13,13,15,16,18,23,23
Roswell,NM,US,,22,6,6,6,6,6,6,6
Rotterdam,ZH,NL,,,,,86,79,70,72,70
Round Rock,TX,US,,,,,11,9,11,13,13
Rowlett,TX,US,,,,,,14,13,13,14
Royal Oak,MI,US,,,,,,37,39,40,40
Royal Palm Beach,FL,US,,,,,15,15,18,18,18
Royse City,TX,US,,,,,,13,15,15,15
Ruidoso,NM,US,,,,,7,7,8,8,7
Runaway Bay,TX,US,,,,,,28,28,28,28
Rushville,IL,US,,,,,,,,5,5
Russellville,AR,US,,,,,,,8,8,8
Ruston,LA,US,,,,,,,24,46,39
Rutherford,NJ,US,,,,,,,,,28
Rutland,VT,US,,55,41,56,58,60,62,61,61
Rye,NY,US,,,,,,,5,5,5
Sachse,TX,US,,,,,,8,10,10,10
Saco,ME,US,,,,,,,,19,19
Sacramento,CA,US,25,26,27,27,29,29,32,34,36
Sadsburyville,PA,US,,,,,,,,8,7
Safford,AZ,US,,,,,,,,49,53
Saginaw,MI,US,,,,,,,23,26,28
Saginaw,TX,US,,,,,,9,30,31,32
Saguenay,QC,CA,,,,,,,49,49,49
Saint John,NB,CA,,,,,31,33,34,35,35
Saint-Hyacinthe,QC,CA,,,,,,,,,35
Saint-Jean sur Richelieu,QC,CA,,,,,,,,,59
Saint-Quentin-en-Yvelines,IDF,FR,,,,65,,66,63,68,71
Sainte-Julie,QC,CA,,,,,,,77,84,84
Salem,IN,US,,,,,,,,6,7
Salem,MA,US,,,,,,,12,13,19
Salem,OR,US,17,17,17,14,14,15,21,23,24
Salerno,(NA),IT,,,,,,,,,51
Salford,(NA),GB,,,,,,35,29,54,55
Salida,CO,US,,,,,64,64,65,62,61
Salina,KS,US,,,,,5,5,5,5,5
Salinas,CA,US,,,,,30,29,28,29,32
Salisbury,MD,US,,,,,23,23,23,22,23
Salt Lake City,UT,US,40,42,51,46,42,44,50,52,62
Saluda,NC,US,,,,,,,,21,18
Salyersville,KY,US,,,,,,,,23,24
San Angelo,TX,US,,,,,,,6,6,6
San Antonio,TX,US,25,25,25,12,12,13,13,14,14
San Bernardino,CA,US,16,16,14,10,11,11,15,15,15
San Bruno,CA,US,,,,,,23,23,25,26
San Carlos,CA,US,,,,,,,36,38,38
San Clemente,CA,US,,,,,,25,28,28,26
San Diego,CA,US,26,28,25,26,28,29,30,32,33
San Elizario,TX,US,44,19,19,9,9,9,13,15,15
San Fernando,CA,US,,,,,,,,26,26
San Francisco,CA,US,54,57,58,59,60,61,63,64,63
San Gabriel,CA,US,,,,,,,,20,21
San Jose,CA,US,15,15,18,20,24,27,32,33,33
San Juan,PR,US,,,35,36,37,37,40,41,39
San Juan Capistrano,CA,US,,23,21,19,22,22,22,23,22
San Leandro,CA,US,,,,,,,,21,21
San Luis,AZ,US,,,,,30,36,33,34,35
San Luis Obispo,CA,US,,49,47,62,63,62,63,63,66
San Marcos,CA,US,,,,,,30,34,31,31
San Marcos,TX,US,,,,,,,15,16,20
San Marino,CA,US,,,,,,,,,16
San Mateo,CA,US,,,,,,35,36,39,40
San Pedro Garza Garcia,(NA),MX,,,,,,,49,51,51
San Rafael,CA,US,,,,,28,24,29,30,32
San Ramon,CA,US,,,,,25,23,30,32,32
Sandpoint,ID,US,,,,18,18,18,20,21,19
Sandusky,OH,US,,,,,15,16,16,17,18
Sandwell,(NA),GB,,,,,,33,20,50,54
Sandwich,MA,US,,,,,,,,11,11
Sandy,UT,US,,,,,,,22,22,23
Sandy Creek,NY,US,,,,,,,16,16,16
Sandy Springs,GA,US,,,,,,9,9,13,13
Sanford,FL,US,,,,,,,11,11,13
Sanger,CA,US,,,,,,,,56,50
Sanger,TX,US,,,,,,12,10,10,10
Sanibel,FL,US,,,,,,,63,64,64
Sansom Park,TX,US,,,,,,3,6,6,5
Santa Ana,CA,US,15,16,23,19,22,21,19,20,21
Santa Barbara,CA,US,24,23,24,38,36,45,46,48,49
Santa Clara,CA,US,,,,,,22,24,26,27
Santa Clarita,CA,US,,,,,30,30,31,35,34
Santa Claus,IN,US,,,,,,,51,48,49
Santa Cruz,CA,US,17,16,14,19,24,24,26,31,31
Santa Fe,NM,US,23,23,9,26,25,27,30,31,31
Santa Maria,CA,US,,,70,46,35,34,34,36,37
Santa Monica,CA,US,40,46,52,49,50,49,60,61,61
Santa Rosa,CA,US,17,18,19,20,23,26,30,32,33
Santa Rosa,NM,US,,,,,9,9,9,8,9
Santaquin,UT,US,,,,,,50,40,40,47
Santee,CA,US,,,,,,14,16,18,18
Santiago,(NA),CL,,,,,,,51,54,55
Sarasota,FL,US,,,,,5,6,7,8,9
Saratoga,CA,US,,,,,,,25,28,28
Saratoga Springs,NY,US,,,,,7,8,9,10,9
Saratoga Springs,UT,US,,,,,,,25,26,26
Sarnia,ON,CA,,,,,,,31,32,32
Saskatoon,SK,CA,,,30,32,32,33,33,34,41
Satellite Beach,FL,US,,,,,7,8,8,8,9
Saugerties,NY,US,,,,,,12,15,12,12
Sauk City,WI,US,,,,,,,,,90
Sault Ste. Marie,MI,US,,,,,,,,55,55
Sault Ste. Marie,ON,CA,,,,,,,27,28,28
Sausalito,CA,US,,,,,,,,43,52
Sautee-Nacoochee,GA,US,,,,,,,,,20
Savannah,GA,US,,28,7,7,7,7,8,18,20
Scarborough,ME,US,,,,,23,17,24,26,26
Scarsdale,NY,US,,,,,,,4,4,5
Schaumburg,IL,US,,,,,38,38,38,40,40
Schererville,IN,US,30,30,29,7,8,8,8,10,11
Schnecksville,PA,US,,,,,,,,21,27
Schuylkill,PA,US,,,,,14,15,15,16,17
Scotia,NY,US,,,,,,,,3,4
Scotts Valley,CA,US,,,27,35,34,34,34,37,37
Scottsdale,AZ,US,29,24,22,22,23,22,23,25,27
Scranton,PA,US,,34,27,22,23,23,27,31,32
Sea Cliff,NY,US,,,,,,,,,13
Seabrook Beach,NH,US,,,,,,,,11,11
Seagoville,TX,US,,,,,,12,19,22,22
Searcy,AR,US,,,,,,,13,13,17
Seaside,CA,US,,,,,60,60,63,60,60
Seattle,WA,US,46,47,42,49,53,58,64,65,66
Sebastopol,CA,US,,,,,,37,49,51,58
Sebring,FL,US,,,,,7,7,10,9,9
Sedona,AZ,US,,,,,53,53,54,55,73
Sedro-Woolley,WA,US,,,,,,,,36,41
Selma,CA,US,,,,,,,,37,37
Seminole,FL,US,14,15,8,8,7,7,7,7,7
Senoia,GA,US,,,,,,,9,11,38
Sequim,WA,US,,,,,,,,25,25
Severance,CO,US,,,,,,15,27,27,27
Severna Park,MD,US,,,,,17,17,19,20,21
Sevilla,(NA),ES,,,,,82,85,74,76,76
Sewanee,TN,US,,,,,,,,83,81
Shady Shores,TX,US,,,,,,10,10,12,12
Shaker Heights,OH,US,,,,,,,31,32,42
Shakopee,MN,US,,,,,,,32,34,35
Shawnee,KS,US,24,24,30,14,15,15,15,19,19
Shawnee,OK,US,,,,,,,,,21
Sheboygan,WI,US,,,,,,48,58,58,58
Sheffield,(NA),GB,,,,,,,,54,55
Shelby,NC,US,,,,,10,10,10,10,10
Shepparton-Mooroopna,VIC,AU,,,,,,,29,31,31
Sherbrooke,QC,CA,,,,,29,29,31,38,39
Sheridan,CO,US,,,,,,7,9,10,12
Sheridan,WY,US,,,,,,,,,12
Sherman,TX,US,,,,,,,7,8,8
Shiloh,IL,US,,,,,,,12,12,12
Shippensburg,PA,US,,,,,,,,18,20
Shoreline,WA,US,,,,,,,,,37
Shoreview,MN,US,,,,,,,35,36,36
Shorewood,IL,US,,,,,13,14,16,18,22
Shorewood,WI,US,,,,,,62,76,76,77
Show Low,AZ,US,,,,,,,,31,30
Shreveport,LA,US,,23,20,19,18,19,19,20,20
Shrewsbury,(NA),GB,,,,,,,,55,59
Shrewsbury,MA,US,,,,,,,12,11,11
Sierra Vista,AZ,US,,,,,,27,27,29,29
Signal Mountain,TN,US,,,,,,,,51,54
Siloam Springs,AR,US,21,21,12,12,13,13,15,16,16
Silver City,NM,US,,,,,9,10,8,8,8
Silver Plume,CO,US,,,,,,12,12,14,14
Silver Spring,MD,US,,25,9,11,11,11,12,12,13
Silverdale,WA,US,,,,,,,16,16,18
Silverthorne,CO,US,,,,,,,28,28,31
Silvis,IL,US,,,,,,,,12,12
Simi Valley,CA,US,,,21,19,20,20,19,20,25
Simsbury,CT,US,,,,,30,34,30,30,31
Sioux City,IA,US,,19,17,17,18,21,27,31,31
Sioux Falls,SD,US,18,17,19,19,21,22,24,24,25
Sitka,AK,US,,,,,,,,33,33
Skokie,IL,US,,,,,,,5,6,6
Slatington,PA,US,,,,,,,35,32,31
Slocomb,AL,US,,,,,,,,36,36
Smithfield,UT,US,,,,,,,,,54
Smithfield,VA,US,,,,,,,,,35
Smithville,MO,US,,,,,,,25,26,31
Smyrna,GA,US,,,,,,19,21,23,24
Socorro,NM,US,,,,,15,15,20,21,21
Socorro,TX,US,,,,,,,,8,8
Solana Beach,CA,US,,,,,29,26,30,32,38
Soldotna,AK,US,,65,65,63,62,61,64,66,67
Solihull,(NA),GB,,,,,,34,25,41,41
Solvang,CA,US,,,53,53,75,41,42,46,46
Somerset,PA,US,,,,,,,32,34,36
Somersworth,NH,US,,,,,,,12,12,12
Somerville,MA,US,11,13,11,20,33,41,57,58,63
Sonoma,CA,US,,,,,,,69,69,74
Sonora,CA,US,,,,,,,24,26,31
Sopchoppy,FL,US,,,,,,,26,22,22
Sorel-Tracy,QC,CA,,,,,,,57,55,57
South Bend,IN,US,,37,38,6,6,6,7,8,37
South Bethlehem,PA,US,,,,,,,,13,13
South Burlington,VT,US,19,20,25,34,35,37,39,40,42
South El Monte,CA,US,,,,,,,,17,17
South Jordan,UT,US,,,,,,,37,39,42
South Lake Tahoe,CA,US,,,,,,40,39,45,45
South Miami,FL,US,,,,,,,5,6,6
South Pasadena,CA,US,,,,,,,35,37,27
South Portland,ME,US,,,,,,,,,16
South San Francisco,CA,US,,,,,,,,,32
South Windsor,CT,US,,,,,15,13,16,16,16
Southampton,(NA),GB,,,,,,,,,64
Southampton,NY,US,,,,,8,10,10,12,12
Southaven,MS,US,,26,27,30,30,32,26,26,26
Southbridge Town,MA,US,,,,,,,,8,16
Southend-on-Sea,(NA),GB,,,,,,,53,55,55
Southern Pines,NC,US,,,,,,,,10,9
Southfield,MI,US,,,,,16,19,24,27,28
Southgate,MI,US,,,,,,,,,45
Southlake,TX,US,,,,,14,14,23,23,23
Southport,NC,US,,,,,,,,17,17
Southwark,(NA),GB,,,,,,69,,80,79
Sparks,NV,US,,,,,,,,,30
Spartanburg,SC,US,,,,,,,15,15,19
Spearfish,SD,US,,,,,,,40,40,40
Speedway,IN,US,,,,,,,,11,14
Spokane,WA,US,31,32,22,32,32,34,42,41,43
Spokane Valley,WA,US,,,,,,,21,24,25
Spring,TX,US,,,,,,,13,14,14
Spring Hill,FL,US,,,,,7,7,8,8,8
Spring Hill,TN,US,,,,,,,,28,28
Spring House,PA,US,,,,,,,21,22,24
Springboro,OH,US,20,19,16,17,18,18,19,21,22
Springdale,AR,US,21,23,23,15,34,38,31,32,34
Springdale,UT,US,,,,,,,90,89,89
Springfield,IL,US,8,8,8,7,7,7,7,8,8
Springfield,MA,US,,11,10,6,9,9,9,9,10
Springfield,MO,US,25,24,30,24,24,24,24,26,29
Springfield,OH,US,,,,,,,,33,32
Springfield,OR,US,,,,,,,22,24,24
Springfield,VA,US,23,25,27,24,26,26,29,32,33
Springtown,TX,US,,,,,,11,11,10,12
Springville,NY,US,,,,,,,,28,28
Squamish,BC,CA,,,,,,,,,78
St Albans,(NA),GB,,,,,,,,61,63
St. Albans,WV,US,,,,,,,,26,23
St. Albert,AB,CA,,,,,,,,,50
St. Augustine,FL,US,,,,,7,7,7,8,8
St. Catharines,ON,CA,,,,,32,34,34,45,47
St. Charles,IL,US,46,46,50,14,14,13,13,13,13
St. Charles,MO,US,,14,17,15,20,21,23,23,27
St. Cloud,FL,US,,,,,,,36,37,38
St. Cloud,MN,US,,20,21,7,8,8,9,9,11
St. George,UT,US,,,,,33,34,31,32,33
St. Helena,CA,US,,,,,,,56,50,47
St. John's,NL,CA,,,,,,,32,37,37
St. Johns,AZ,US,,,,,,,20,19,25
St. Johnsbury,VT,US,,,,,,,,,32
St. Joseph,IL,US,,,,,,,,15,15
St. Joseph,MO,US,,,,,29,29,24,24,23
St. Louis,MO,US,18,19,31,32,33,34,36,36,38
St. Louis Park,MN,US,,,,16,16,44,52,55,57
St. Marys,GA,US,,,,,15,13,16,16,19
St. Marys,OH,US,,,,,,,76,76,77
St. Paul,MN,US,46,46,47,9,42,43,59,61,62
St. Paul,TX,US,,,,,,16,19,21,26
St. Peters,MO,US,,,,,,,27,28,31
St. Petersburg,FL,US,27,25,10,10,9,10,9,15,15
St. Simons,GA,US,,,,,,,37,42,52
Stafford,VA,US,,,,27,32,32,33,38,39
Stamford,CT,US,,18,12,11,11,11,13,14,14
Stanford,CA,US,,,38,37,44,50,62,64,67
Starkville,MS,US,,,,,28,27,27,28,30
State College,PA,US,,52,50,53,51,52,51,52,51
Stateline,NV,US,,,,,,,,49,42
Staten Island,NY,US,,34,33,33,34,39,40,45,48
Statesville,NC,US,,,,,,,10,9,9
Staunton,VA,US,,,,,,,,,24
Steamboat Springs,CO,US,17,17,10,10,11,10,13,13,13
Steinbach,MB,CA,,,,,,,,,54
Stephenville,TX,US,,,,,,9,9,9,9
Sterling,CO,US,,,,,,,,8,8
Sterling,IL,US,,,,,4,4,5,5,6
Sterling Heights,MI,US,,14,14,16,14,14,22,23,25
Steubenville,OH,US,,,,,,,,,35
Stevenage,(NA),GB,,,,,,,,,75
Stevens Point,WI,US,,,,,49,49,50,52,65
Stevensville,MD,US,,,,,,,,27,27
Stillwater,MN,US,,,,,,26,25,25,26
Stillwater,OK,US,,32,33,33,30,30,30,30,30
Stirling,NJ,US,,,,,26,24,11,13,13
Stockbridge,GA,US,,,,,,14,14,12,12
Stockport,(NA),GB,,,,,,36,25,48,49
Stockton,CA,US,33,33,34,34,35,35,21,22,25
Stone Mountain,GA,US,,,,,,7,7,9,9
Stonecrest,GA,US,,,,,,23,21,18,18
Stoneham,MA,US,,,,,,,,10,18
Stony Brook,NY,US,,,,,14,14,13,14,14
Stow,OH,US,,,,,,34,40,40,42
Stowe,VT,US,,,,,,,46,46,52
Strasbourg,GES,FR,,,,,,,,,82
Stratford,ON,CA,,,,,,,41,42,42
Stratford Downtown,CT,US,,,,,,,,13,15
Streamwood,IL,US,,,,,,,,23,19
Stuart,FL,US,,,,,18,18,19,22,22
Sturbridge,MA,US,,,,,,,,18,18
Sturgis,SD,US,,,,,37,41,36,35,37
Stuttgart,(NA),DE,,,,,,,,,69
Stuyvesant,NY,US,,,,,13,13,13,11,11
Sudbury,MA,US,,,,,,,,13,17
Suffield,CT,US,,,,,,,23,23,21
Suffolk,VA,US,,,,,22,22,22,23,23
Sugar Hill,GA,US,,,,,,,12,16,16
Sugar Land,TX,US,,,,,,,13,15,16
Sula,MT,US,,,,,,,,41,41
Summerlin South,NV,US,,,,,,,,19,20
Summerville,SC,US,,24,24,12,10,10,15,15,15
Summit,NJ,US,,,,,31,32,21,26,26
Sumner,WA,US,,,,,,,,48,48
Sumrall,MS,US,,,,,,,,36,34
Sumter,SC,US,,,,,,,10,10,10
Sun Lakes,AZ,US,,,,,,,22,23,27
Sun Prairie,WI,US,50,46,48,57,58,60,60,60,63
Sun Valley,ID,US,,,,,,,,,33
Sun Valley,NV,US,,,,,,,49,49,49
Sunderland,(NA),GB,,,,,,,,,43
Sunnyside-Tahoe City,CA,US,,,,,,,50,48,42
Sunnyvale,CA,US,,,,,,21,21,23,25
Sunnyvale,TX,US,,,,,,9,18,19,19
Sunrise,FL,US,,,,,,13,17,17,18
Sunset,UT,US,,,,,,,40,40,40
Sunshine Coast,QLD,AU,,,,,,42,,46,46
Superior,CO,US,,,,,,21,23,25,25
Surrey,BC,CA,,,,,37,38,38,38,38
Susanville,CA,US,,,,,,,,28,30
Susquehanna Depot,PA,US,,,,,,,,22,23
Sussex,NJ,US,,,,,,,,12,12
Sutton,(NA),GB,,,,,,43,,64,61
Suwanee,GA,US,,,,,,25,25,26,27
Swampscott,MA,US,,,,,,,,9,16
Swansea,(NA),GB,,,,,,,51,61,61
Swedesboro,NJ,US,,,,,,,,,10
Sydney,NSW,AU,,,,,,26,,29,31
Syracuse,NY,US,38,38,7,8,7,7,8,11,11
Syracuse,UT,US,,,,,,,,39,41
São Leopoldo,(NA),BR,,,,,,,,,34
São Paulo,(NA),BR,,,,,,,52,54,54
Tabor,SD,US,,,,,,,,79,76
Tabriz,(NA),IR,,,,,,,39,40,40
Tacoma,WA,US,,34,32,32,33,34,33,34,39
Tahlequah,OK,US,,,,,,,49,43,42
Takoma Park,MD,US,,,,,,,12,13,14
Tallahassee,FL,US,22,22,14,14,15,29,28,28,28
Tallmadge,OH,US,,,,,,,,,20
Tallulah Falls,GA,US,,,,,,,42,42,42
Talty,TX,US,,,,,,12,13,13,13
Tameside,(NA),GB,,,,,,39,25,46,45
Tampa,FL,US,21,21,13,13,13,13,15,30,30
Taos,NM,US,,,,,9,10,9,9,10
Tappahannock,VA,US,,,,,,,,,36
Taree,NSW,AU,,,,,,,32,33,33
Tarpon Springs,FL,US,,,,,,,9,9,10
Tatamy,PA,US,9,9,11,11,9,9,16,16,16
Taunton,MA,US,,,,,,,,8,8
Tavares,FL,US,,,,,8,9,9,9,9
Taylor,MI,US,,,,,25,26,27,29,29
Teanek,NJ,US,,,,,,,,,19
Temecula,CA,US,,,,,22,22,22,22,22
Tempe,AZ,US,35,31,30,32,32,30,34,35,36
Temple,TX,US,,,,,,,8,9,9
Temple Terrace,FL,US,,,,,,,,17,17
Tenafly,NJ,US,,,,,,,,18,19
Terre Haute,IN,US,,,,,,,7,8,9
Terrebonne,QC,CA,,,,,,,54,56,62
Terrell,TX,US,,,,,,10,10,10,10
The Bronx,NY,US,,22,33,33,42,44,44,48,50
The Colony,TX,US,,,,,,15,20,20,21
The Dalles,OR,US,,,,,,,,24,24
The Hague,ZH,NL,,,,,,85,89,89,89
The Villages,FL,US,27,29,22,22,22,35,33,35,35
The Woodlands,TX,US,,,,,44,44,39,49,51
Thief River Falls,MN,US,,,,,,,,,8
Thomas,WV,US,,,,,,,,37,37
Thomasville,GA,US,,,,,,,,,22
Thomasville,NC,US,,,,,,,,,9
Thompsonville,MI,US,,,,,,,70,77,56
Thornton,CO,US,,38,11,11,35,41,41,42,42
Thousand Oaks,CA,US,,,,,27,26,27,29,30
Thunder Bay,ON,CA,,,,,29,31,31,29,38
Tierra Amarilla,NM,US,,,,,38,38,43,43,43
Tierra Verde,FL,US,,,,,,,,16,16
Tigard,OR,US,,,,,,24,27,27,29
Tijuana,(NA),MX,,,,,,,54,55,51
Tillsonburg,ON,CA,,,,,,,,,48
Timmins,ON,CA,,,,,,,,,40
Timnath,CO,US,,,,,,15,17,17,21
Titusville,FL,US,,,,,10,12,12,16,16
Toledo,OH,US,15,15,16,16,17,17,18,20,21
Tolland,CT,US,,,,,28,27,22,26,28
Tolleson,AZ,US,,,,,,,,27,27
Tomball,TX,US,,,,,,,18,19,23
Toms River,NJ,US,,,,,,,,21,21
Tonawanda,NY,US,,,,,,,8,10,10
Toowoomba,QLD,AU,,,,,,26,,31,32
Topeka,KS,US,25,23,27,5,5,6,6,7,8
Torino,(NA),IT,,,,,,,,,70
Toronto,ON,CA,,,36,,40,42,45,47,49
Torrance,CA,US,,,,,,20,20,26,29
Toulouse,OCC,FR,,,,,,,,,84
Tower Hamlets,(NA),GB,,,,,,59,,74,78
Townsend,DE,US,,,,,,,26,26,26
Townsend,MA,US,,,,,,,,34,34
Townsville,QLD,AU,,,,,,23,,25,27
Towson,MD,US,,,,15,16,17,19,19,23
Tracy,CA,US,,,,,,,,25,25
Trafford,(NA),GB,,,,,,32,26,52,52
Trail,MN,US,,,,,,,,54,54
Trappe,PA,US,,,,,,,,33,21
Traverse City,MI,US,59,59,57,61,61,62,63,67,55
Trenton,NJ,US,,23,28,27,35,36,37,38,39
Trophy Club,TX,US,,,,,,13,13,15,16
Troutdale,OR,US,,,,,,,,23,23
Troy,MI,US,,,,,19,17,24,25,24
Troy,NY,US,,,,,,,,,12
Troy,OH,US,45,45,44,45,45,44,48,46,46
Troy,TN,US,,,,,18,19,19,19,19
Truckee,CA,US,,,,,44,41,41,39,41
Trussville,AL,US,,,,,18,18,17,24,23
Tucker,GA,US,,,,,,8,8,10,10
Tucson,AZ,US,30,35,36,31,30,33,38,39,38
Tukwila,WA,US,,,,,17,18,20,23,24
Tulare,CA,US,,,,,,,,36,38
Tulsa,OK,US,16,16,17,18,20,23,25,28,28
Tunnelton,WV,US,,,,,,,,22,22
Tupelo,MS,US,,31,34,34,34,34,29,29,30
Turlock,CA,US,,,,,,,,,31
Tuscaloosa,AL,US,,19,18,18,19,20,21,22,22
Tustin,CA,US,12,13,14,14,14,14,15,15,16
Twentynine Palms,CA,US,,,,,,,,55,55
Twin Falls,ID,US,,,,,10,10,10,10,11
Tybee Island,GA,US,,,,,,,16,23,22
Tyler,TX,US,,,,,,,10,11,11
Tyrone,GA,US,,,,,,13,13,26,23
Ukiah,CA,US,,,,,,,,45,43
Union City,NJ,US,,,,,,,,,38
Union Park,FL,US,,,,,,,,,20
Union Point,GA,US,,,,,,,,12,12
University Park,TX,US,,,,,,4,6,6,6
University Place,WA,US,,,,,38,38,38,39,38
Upland,CA,US,,,,,,,,,21
Upper Arlington,OH,US,,,,,19,26,26,28,31
Urbana,IL,US,,41,33,12,16,17,22,23,25
Urbandale,IA,US,,,,,,,50,52,52
Utrecht,UT,NL,,,,,92,84,84,86,85
Uvalde,TX,US,,,,,6,6,5,5,5
Uxbridge,MA,US,,,,,,,,,14
Vacaville,CA,US,,,,,,,20,20,21
Vadnais Heights,MN,US,,,,,,,,24,29
Vail,CO,US,,,,,,,34,40,47
Val di Sole,(NA),IT,,,,43,,66,68,70,61
Valdez,AK,US,,,,,,,,74,71
Valencia,(NA),ES,,,,,,,76,80,82
Vallejo,CA,US,,,,,,,,23,24
Valley Springs,CA,US,,,,,23,18,18,18,19
Valley Stream,NY,US,,,,,,,6,6,6
Valparaiso,IN,US,,,,,,,,25,25
Vancouver,BC,CA,,,38,39,43,55,56,66,67
Vancouver,WA,US,,35,36,36,40,40,41,42,43
Vandalia,OH,US,,,,,,,26,31,29
Vaughan,ON,CA,,,,,,,49,50,52
Vega Baja,PR,US,,,,,,,19,19,19
Venice,FL,US,28,30,9,9,10,12,15,18,18
Ventura,CA,US,,25,29,34,32,32,32,33,33
Venus,TX,US,,,,,,13,14,14,13
Verdi,NV,US,,,,,,,18,18,15
Vermillion,SD,US,,,,,,,,,28
Vernon,BC,CA,,,,,32,35,35,39,40
Vernon,CT,US,,,,,24,20,20,25,25
Vero Beach,FL,US,11,13,6,7,9,9,10,11,12
Verona,(NA),IT,,,,,,,66,67,68
Verona,PA,US,,,,,,,26,26,25
Verona,WI,US,,,,,,,,59,60
Vestavia Hills,AL,US,,,,,,,,,29
Victoria,BC,CA,,,,,24,27,56,67,77
Victorville,CA,US,,,,,,,,18,18
Vienna,ME,US,,,,,,,,,66
Vienna,VA,US,31,30,35,27,32,31,33,34,36
Villa Park,IL,US,52,60,56,7,7,7,7,7,7
Vineyard,UT,US,,,23,16,17,17,20,22,23
Virginia Beach,VA,US,18,16,17,17,20,21,21,21,23
Virginia Gardens,FL,US,,,,,,,6,6,6
Visalia,CA,US,,,,,,26,30,31,33
Vista,CA,US,,,,,,,,18,18
Waco,TX,US,,,,,,,11,12,7
Wagga Wagga,NSW,AU,,,,,,36,,40,40
Wahiawa,HI,US,,,,,,,19,18,19
Waimea,HI,US,,,,,,,,30,28
Waipahu,HI,US,,,,,,12,12,12,19
Wakefield,(NA),GB,,,,,,,41,42,42
Wakefield,MA,US,,,,,,,9,11,12
Wakefield,MI,US,,,,,,,,,49
Waldorf,MD,US,,,,,,16,18,19,22
Walhalla,SC,US,,,,,,,,,7
Wall,NJ,US,,,,,,,13,14,14
Walla Walla,WA,US,,,,,,,8,9,9
Walled Lake,MI,US,20,15,16,28,27,33,24,33,33
Walnut Creek,CA,US,,,,,34,36,36,38,38
Walsall,(NA),GB,,,,,,31,20,42,46
Waltham,MA,US,,,,,7,7,7,9,16
Waltham Forest,(NA),GB,,,,,,66,,77,80
Wandsworth,(NA),GB,,,,,,60,,73,73
Wantagh,NY,US,,,,,,5,5,5,6
Wareham Center,MA,US,,,,,,,,14,18
Warm Springs,GA,US,,,,,,,,18,18
Warminster,PA,US,,,,,26,23,23,25,25
Warner,NH,US,,,,,,,,33,33
Warner Robins,GA,US,,,,,,,,9,9
Warren,MI,US,20,24,25,31,24,26,31,32,32
Warren,OH,US,,,,,,,,,22
Warren,PA,US,26,27,33,33,28,33,35,35,35
Warrenton,VA,US,,,,,19,19,22,24,24
Warwick,(NA),GB,,,,,,,,,61
Warwick,RI,US,,21,19,19,19,15,15,18,18
Washburn,WI,US,,,,,,,89,89,89
Washington,DC,US,35,36,37,38,39,46,44,46,52
Washington,IL,US,,,,15,15,16,16,17,23
Washingtonville,NY,US,,,,,,,,10,10
Wasilla,AK,US,,,,,,,,,53
Watauga,TX,US,,,,,,5,7,8,8
Waterbury,CT,US,,21,12,12,12,12,13,13,12
Waterloo,IA,US,,,,,27,26,31,37,35
Waterloo,ON,CA,,,,,,,49,63,64
Waterloo,WI,US,,,41,41,41,42,42,42,42
Watertown,MN,US,,,,,,,,19,22
Watertown,SD,US,,,,,,,,,29
Watertown,WI,US,,,,,33,34,38,38,37
Watford City,ND,US,,,,,,,,82,82
Watkinsville,GA,US,,,,,,,,14,17
Watsonville,CA,US,,,,24,26,29,29,29,32
Waukegan,IL,US,,,,,,5,7,9,9
Waukesha,WI,US,42,39,40,26,28,33,35,34,34
Wausau,WI,US,45,44,37,35,35,36,36,37,37
Wauwatosa,WI,US,,,,,,,44,44,45
Waxahachie,TX,US,,,,,,10,10,11,11
Waxhaw,NC,US,9,16,9,9,10,11,12,11,11
Wayland,MA,US,,,,,,,12,13,14
Wayne,PA,US,,,,,38,39,43,43,45
Waynesboro,VA,US,,,,,,,,22,22
Waynesville,NC,US,,,,,,,,5,5
Weatherford,TX,US,,,,,,10,16,17,16
Webster,FL,US,,,,,,,,21,21
Webster,NY,US,,,,,,,16,18,15
Webster Groves,MO,US,,,,,,,,20,21
Weedsport,NY,US,,,,,,,,19,19
Weehawken,NJ,US,,,,,,20,21,22,22
Wellesley,MA,US,,,,,,,,,10
Wellington,(NA),NZ,,,,,,,,,54
Wellington,FL,US,,,,,,,,14,15
Wellington,KS,US,,,,,,,,5,5
Wellsboro,PA,US,,,,,,,,31,36
Wenatchee,WA,US,,,,28,32,42,40,40,43
West Allis,WI,US,,,,,,,37,39,40
West Bend,WI,US,,,,,,,,50,50
West Bloomfield,MI,US,,,,,,,31,34,34
West Burlington,IA,US,,,,,,,,24,24
West Chester,OH,US,,,,,,22,24,25,25
West Chester,PA,US,49,49,56,46,46,44,64,62,62
West Chicago,IL,US,,,,,,,12,13,13
West Des Moines,IA,US,,,,,,50,56,58,57
West Fargo,ND,US,33,34,30,37,35,47,49,60,59
West Grove,PA,US,,,,,,,15,15,16
West Hartford,CT,US,21,18,14,14,13,13,14,17,16
West Haven,CT,US,,,,,,,,24,24
West Hollywood,CA,US,,,,,26,26,23,30,30
West Jordan,UT,US,,21,16,17,18,18,20,21,23
West Lafayette,IN,US,,,,,,,47,47,52
West Linn,OR,US,,,,,,,,,24
West Ocean City,MD,US,,,,,,,,15,14
West Orange,NJ,US,,,,,18,18,22,23,24
West Palm Beach,FL,US,,,,,,,16,17,17
West Point,KY,US,,,,,,,,29,22
West Sacramento,CA,US,,,,,,,,25,25
West Springfield,VA,US,,,,,,,32,33,33
West Springfield Town,MA,US,,,,,,,,7,7
West St. Paul,MN,US,,,,,,,,,25
West Tawakoni,TX,US,,,,,,21,21,21,21
West Valley City,UT,US,,22,24,20,22,23,19,22,28
West Wildwood,NJ,US,,,,,,,,,6
West Yellowstone,MT,US,,,,,,,,,40
Westborough,MA,US,,,,,,16,16,17,17
Westbrook,ME,US,,,,,,,,,19
Westerville,OH,US,,,,28,25,25,28,30,33
Westfield,IN,US,,,,,,,32,33,33
Westfield,MA,US,,,,,,13,22,19,28
Westfield,NJ,US,,,,,,40,40,49,48
Westlake,TX,US,,,,,,15,20,21,22
Westlake Village,CA,US,22,20,23,26,27,24,24,27,22
Westminster,(NA),GB,,,,,,65,,79,79
Westminster,CA,US,,,,,,,14,15,17
Westminster,CO,US,,,,,16,18,18,19,20
Westminster,MD,US,,,,,,,10,11,11
Westmont,PA,US,,,,,,,,21,21
Weston,CT,US,,,,,,,,,36
Weston,FL,US,,,,,,,28,28,28
Westworth Village,TX,US,,,,,,4,7,7,7
Wethersfield,CT,US,,,,,11,13,13,14,13
Weymouth Town,MA,US,,,,,,,,,11
Wheat Ridge,CO,US,27,28,13,16,17,13,13,14,15
Wheaton,IL,US,,,,,,,11,11,11
Wheaton,MD,US,,,,,,,,11,11
Wheeling,WV,US,,22,21,21,20,17,17,19,18
Whitby,ON,CA,,,,,,,42,43,44
White,GA,US,,,,,,,,34,34
White Settlement,TX,US,,,,,,6,6,6,6
Whitefish,MT,US,,,,,,,,,53
Whitefish Bay,WI,US,,,,,,,,64,66
Whitehouse,TX,US,,,,,,,,19,20
Whitesburg,GA,US,,,,,,,,33,33
Whitesburg,KY,US,,,,,,,16,14,14
Whitewood,SD,US,,,,,,,52,52,52
Whiting,IN,US,,,,,,,,34,44
Wichita,KS,US,28,26,28,6,7,7,8,10,9
Wichita Falls,TX,US,,,,,,,9,9,11
Wiesbaden,(NA),DE,,,,,,,,,56
Wigan,(NA),GB,,,,,,41,35,58,58
Wildwood,FL,US,,,,,11,11,12,13,13
Wildwood,MO,US,,,,,,,22,22,22
Wildwood,NJ,US,,,,,27,28,28,28,29
Wildwood Crest,NJ,US,,,,,,,,,23
Williamsburg,VA,US,,,,27,27,27,38,39,39
Williamsport,PA,US,,,,,,,,,23
Williamstown,MA,US,,,,,,,,21,30
Williamstown,NJ,US,,,,,,,17,15,15
Williamsville,NY,US,,,,,,,10,14,14
Williston,ND,US,,,,,,,,,16
Willmar,MN,US,,,,,,,,14,14
Willoughby,OH,US,,,,,,,,,27
Willoughby Hills,OH,US,,,,,,16,19,19,19
Willow Park,TX,US,,,,,,14,11,10,10
Willow Springs,IL,US,,,,,,,,12,12
Wilmer,TX,US,,,,,,15,17,14,15
Wilmington,DE,US,37,34,34,37,38,38,43,43,42
Wilmington,NC,US,,,,,9,10,11,11,11
Wilmslow,(NA),GB,,,,,,,,46,43
Wilson,WY,US,,,,,,,,,38
Wilton,CT,US,,24,21,21,22,21,18,19,19
Winchendon,MA,US,,,,,,,,14,14
Winchester,VA,US,,,,,,,26,30,30
Winder,GA,US,,,,,22,25,20,22,20
Windsor,CO,US,,,,,,14,24,24,24
Windsor,ON,CA,,,,,,,34,35,37
Winfield,IL,US,22,20,20,9,9,10,11,11,11
Winnett,MT,US,,,,,,,80,80,80
Winnipeg,MB,CA,,,28,30,31,31,32,37,38
Winona,MN,US,,,,,,,,13,13
Winona Lake,IN,US,,,,,,,,17,18
Winooski,VT,US,,,,,,,,,30
Winston-Salem,NC,US,19,20,7,8,8,8,8,9,9
Winter Garden,FL,US,,,,,13,14,15,16,16
Winthrop,WA,US,21,21,21,21,22,23,22,19,26
Wisconsin Dells,WI,US,,,,,,45,43,44,42
Wisconsin Rapids,WI,US,,,,,,,,57,57
Woburn,MA,US,,,,,,,8,10,11
Woensdrecht,NB,NL,,,,,,52,36,48,44
Woking,(NA),GB,,,,,,,,,50
Wolcottville,IN,US,,,,,,,,14,14
Wolfe City,TX,US,,,,,,19,19,16,16
Wollongong,NSW,AU,,,,,,29,,32,33
Wolverhampton,(NA),GB,,,,,,30,20,46,47
Woodbury,MN,US,,,,,,46,46,47,48
Woodhaven,MI,US,,,,,,,,22,22
Woodinville,WA,US,,,,,,,17,17,18
Woodland,CA,US,,,,,,46,52,52,53
Woodland,MS,US,,,,,,,,81,81
Woodstock,GA,US,,,,,,16,17,23,23
Woodstock,IL,US,,,,,,,10,11,11
Woodway,TX,US,,,,,6,6,6,6,7
Woonsocket,RI,US,,,,,,,,14,14
Wooster,OH,US,,,,,,,34,26,26
Worcester,MA,US,,16,13,6,6,7,7,7,20
Worthington,OH,US,,,,,,,,,44
Wrightsville Beach,NC,US,,,,,,,26,28,28
Wylie,TX,US,,,,,,7,11,11,12
Xenia,OH,US,,,,,,,29,31,29
Yakima,WA,US,,,,,,30,28,29,28
Yankton,SD,US,,,,,,44,43,43,44
Yardley,PA,US,,,,,,,,49,49
Yarmouth Port,MA,US,,,,,,,,9,11
Yazoo City,MS,US,,,,,,,,45,45
Yellow Springs,OH,US,,,,,,,,36,37
Yorba Linda,CA,US,16,15,15,14,14,12,13,13,14
York,(NA),GB,,,,,,,63,64,63
York,PA,US,,,,,27,27,27,28,35
York Harbor,ME,US,,,,,,,,32,31
Yorktown,VA,US,,,,33,33,33,34,34,34
Youngstown,OH,US,20,17,14,21,26,26,29,30,30
Ypsilanti,MI,US,,,,,,,26,27,25
Yuba City,CA,US,,,,,,,25,27,28
Yucaipa,CA,US,,,,,,,,23,26
Yuma,AZ,US,18,21,22,16,17,17,16,18,20
Zagreb,(NA),HR,,,,,,,,,38
Zapopan,(NA),MX,,,,,,,55,60,61
Zeeland,MI,US,,,,,,,53,56,55
Zephyr Cove,NV,US,,,,,,,,55,55
Zion,IL,US,,,,,,,,13,13
Zwolle,OV,NL,,,,,93,89,77,79,76